example_id,label,prediction
0,2,2
1,3,3
2,3,3
3,3,1
4,3,3
5,3,3
6,3,3
7,3,3
8,3,3
9,3,2
10,3,3
11,3,3
12,3,3
13,3,3
14,3,3
15,3,2
16,3,3
17,3,3
18,3,3
19,3,2
20,3,2
21,3,3
22,3,3
23,3,2
24,3,2
25,3,3
26,1,1
27,1,1
28,1,1
29,1,1
30,1,1
31,1,1
32,0,0
33,0,0
34,0,0
35,0,0
36,0,2
37,0,0
38,0,0
39,0,0
40,1,1
41,2,3
42,0,0
43,3,3
44,1,1
45,1,1
46,0,0
47,3,2
48,0,0
49,1,1
50,0,0
51,1,1
52,0,0
53,3,3
54,2,2
55,3,3
56,0,2
57,0,0
58,2,2
59,2,2
60,1,1
61,1,1
62,1,1
63,3,3
64,0,0
65,3,3
66,0,0
67,0,0
68,1,1
69,0,0
70,3,3
71,3,3
72,3,3
73,0,0
74,3,3
75,1,1
76,0,0
77,1,1
78,0,0
79,0,1
80,0,0
81,1,1
82,2,2
83,2,3
84,0,2
85,0,0
86,2,2
87,0,0
88,0,1
89,3,3
90,0,0
91,2,2
92,3,3
93,2,2
94,1,1
95,1,1
96,1,1
97,2,2
98,0,0
99,2,2
100,1,1
101,2,2
102,3,3
103,2,2
104,0,0
105,1,1
106,0,0
107,1,1
108,0,0
109,3,3
110,2,3
111,3,2
112,3,3
113,3,3
114,3,3
115,1,1
116,3,3
117,3,3
118,2,2
119,1,1
120,0,2
121,1,1
122,3,3
123,0,0
124,3,3
125,2,0
126,1,1
127,1,1
128,1,1
129,0,0
130,0,0
131,0,0
132,1,1
133,0,0
134,1,1
135,1,1
136,0,1
137,1,1
138,1,1
139,0,0
140,1,1
141,0,0
142,1,1
143,0,0
144,0,0
145,0,0
146,1,1
147,2,2
148,1,1
149,1,1
150,1,1
151,0,0
152,1,1
153,0,0
154,0,2
155,0,3
156,2,2
157,1,1
158,1,1
159,0,0
160,1,1
161,2,2
162,3,3
163,0,0
164,0,0
165,2,2
166,2,2
167,2,2
168,1,1
169,0,0
170,3,3
171,3,3
172,2,3
173,3,3
174,0,0
175,0,0
176,3,3
177,1,1
178,3,3
179,1,1
180,2,2
181,1,1
182,1,1
183,3,3
184,2,2
185,0,0
186,3,3
187,0,0
188,1,3
189,3,3
190,3,3
191,0,0
192,0,0
193,0,0
194,2,2
195,2,2
196,0,2
197,1,1
198,2,2
199,1,1
200,3,3
201,3,3
202,3,3
203,0,0
204,1,1
205,1,1
206,1,1
207,3,2
208,1,1
209,3,0
210,1,1
211,0,0
212,1,1
213,1,1
214,1,1
215,3,2
216,2,2
217,2,2
218,3,2
219,1,1
220,1,1
221,0,0
222,2,3
223,1,1
224,2,2
225,2,2
226,0,0
227,1,1
228,2,2
229,0,0
230,1,1
231,1,1
232,2,2
233,3,3
234,2,3
235,1,1
236,2,2
237,1,1
238,0,0
239,2,2
240,3,3
241,1,1
242,1,1
243,3,3
244,2,2
245,2,2
246,3,3
247,3,3
248,3,2
249,0,0
250,2,2
251,0,0
252,1,1
253,2,2
254,2,2
255,3,3
256,2,2
257,3,2
258,3,2
259,3,3
260,1,1
261,0,0
262,3,3
263,3,3
264,3,3
265,3,3
266,1,1
267,3,2
268,1,1
269,1,1
270,1,1
271,0,0
272,2,2
273,3,3
274,1,1
275,3,3
276,3,3
277,1,1
278,2,2
279,3,3
280,2,2
281,1,1
282,1,1
283,3,3
284,1,1
285,0,0
286,0,0
287,2,2
288,2,0
289,1,1
290,1,1
291,3,3
292,3,3
293,3,3
294,1,1
295,0,2
296,0,0
297,3,3
298,1,1
299,2,2
300,1,1
301,2,2
302,2,2
303,2,2
304,2,2
305,1,1
306,3,3
307,3,3
308,1,1
309,2,2
310,2,3
311,1,1
312,3,3
313,2,2
314,2,2
315,0,0
316,0,2
317,2,3
318,1,1
319,2,2
320,2,2
321,0,0
322,1,1
323,3,2
324,1,1
325,3,3
326,0,3
327,0,2
328,3,3
329,2,2
330,3,3
331,1,1
332,0,0
333,0,0
334,1,1
335,0,0
336,2,2
337,2,1
338,1,1
339,1,1
340,3,3
341,1,1
342,0,0
343,1,1
344,1,1
345,3,2
346,3,2
347,1,1
348,0,1
349,2,2
350,1,1
351,0,0
352,0,0
353,1,1
354,0,0
355,0,1
356,1,1
357,2,2
358,1,1
359,1,1
360,1,1
361,0,0
362,2,2
363,0,2
364,0,0
365,3,1
366,1,1
367,2,2
368,0,0
369,0,1
370,1,1
371,0,0
372,0,1
373,1,1
374,1,1
375,3,3
376,1,1
377,1,1
378,2,2
379,0,1
380,1,1
381,1,1
382,3,3
383,1,1
384,2,2
385,1,1
386,1,1
387,1,1
388,0,0
389,0,0
390,0,0
391,1,1
392,0,0
393,0,0
394,0,0
395,1,1
396,1,1
397,3,3
398,1,1
399,2,2
400,3,3
401,1,1
402,0,0
403,0,0
404,0,0
405,2,2
406,2,2
407,2,2
408,2,0
409,1,1
410,2,2
411,1,1
412,0,0
413,0,0
414,0,0
415,1,1
416,1,1
417,2,2
418,2,2
419,0,0
420,0,1
421,1,1
422,2,2
423,3,3
424,3,3
425,0,0
426,2,2
427,2,2
428,3,3
429,3,3
430,0,0
431,1,1
432,1,1
433,2,2
434,2,2
435,3,3
436,2,2
437,2,2
438,3,3
439,3,3
440,2,2
441,3,3
442,0,0
443,2,2
444,0,0
445,3,3
446,3,3
447,3,3
448,2,0
449,2,2
450,0,1
451,0,0
452,2,2
453,3,3
454,3,3
455,1,1
456,2,2
457,3,3
458,1,1
459,2,2
460,1,1
461,1,1
462,3,3
463,1,1
464,0,0
465,3,3
466,2,2
467,2,3
468,3,3
469,1,1
470,0,0
471,3,3
472,0,0
473,2,2
474,1,1
475,3,2
476,1,1
477,3,3
478,0,0
479,2,2
480,3,3
481,2,2
482,2,2
483,3,3
484,2,2
485,2,0
486,1,1
487,2,2
488,2,2
489,1,1
490,1,1
491,3,3
492,1,1
493,2,2
494,2,2
495,1,1
496,2,2
497,0,0
498,1,3
499,3,3
500,3,0
501,1,1
502,1,1
503,0,0
504,0,0
505,0,0
506,0,0
507,3,3
508,2,2
509,3,3
510,3,3
511,0,0
512,3,3
513,0,0
514,0,0
515,1,1
516,0,0
517,2,2
518,3,3
519,1,1
520,2,2
521,0,0
522,2,2
523,0,0
524,0,0
525,0,0
526,3,3
527,0,1
528,0,0
529,0,0
530,1,1
531,3,3
532,3,3
533,3,3
534,2,2
535,2,2
536,3,3
537,3,3
538,1,1
539,3,3
540,1,1
541,0,0
542,0,0
543,3,3
544,1,1
545,3,3
546,2,2
547,1,1
548,3,3
549,2,2
550,0,0
551,0,0
552,0,0
553,1,1
554,3,2
555,3,3
556,3,0
557,3,3
558,3,3
559,3,3
560,3,3
561,0,0
562,2,2
563,3,3
564,1,1
565,0,2
566,0,0
567,3,3
568,3,2
569,1,1
570,3,3
571,2,0
572,3,3
573,3,3
574,0,0
575,2,2
576,1,1
577,3,3
578,3,2
579,0,0
580,1,1
581,3,3
582,2,3
583,1,1
584,0,1
585,2,2
586,3,3
587,3,3
588,3,3
589,2,2
590,0,0
591,2,2
592,3,3
593,0,0
594,3,3
595,0,0
596,3,3
597,3,3
598,2,2
599,0,0
600,2,0
601,2,2
602,3,2
603,2,2
604,1,1
605,0,0
606,0,0
607,3,3
608,1,1
609,1,1
610,1,1
611,0,0
612,0,0
613,0,1
614,0,1
615,2,2
616,3,3
617,0,0
618,0,0
619,2,2
620,2,2
621,2,2
622,3,3
623,3,3
624,3,3
625,0,0
626,0,1
627,3,3
628,2,2
629,1,1
630,3,3
631,1,1
632,3,3
633,3,3
634,2,2
635,3,3
636,3,2
637,1,1
638,1,1
639,0,0
640,2,2
641,3,3
642,3,0
643,2,0
644,1,1
645,3,3
646,0,0
647,0,0
648,1,1
649,2,2
650,0,0
651,2,2
652,0,0
653,0,0
654,3,3
655,0,3
656,2,2
657,3,3
658,3,3
659,3,0
660,3,3
661,3,3
662,1,1
663,2,2
664,3,2
665,1,1
666,1,1
667,2,2
668,3,3
669,0,2
670,1,1
671,3,3
672,0,0
673,2,2
674,1,1
675,1,1
676,0,1
677,0,3
678,0,0
679,1,1
680,3,2
681,0,0
682,0,1
683,0,0
684,0,0
685,2,2
686,1,1
687,2,0
688,2,2
689,0,0
690,1,1
691,1,1
692,1,1
693,1,1
694,0,0
695,0,0
696,1,1
697,0,0
698,1,1
699,0,0
700,2,2
701,1,1
702,3,3
703,0,0
704,1,1
705,1,1
706,3,3
707,2,1
708,3,2
709,3,3
710,2,2
711,2,2
712,2,2
713,1,1
714,1,1
715,3,3
716,3,3
717,1,0
718,1,1
719,0,2
720,0,0
721,0,0
722,3,3
723,2,2
724,0,0
725,0,0
726,1,1
727,0,2
728,2,2
729,2,2
730,2,2
731,3,3
732,3,3
733,2,2
734,2,3
735,1,1
736,2,3
737,0,0
738,3,1
739,1,1
740,1,1
741,3,3
742,0,0
743,3,3
744,2,3
745,2,2
746,2,2
747,0,1
748,3,3
749,1,1
750,0,0
751,2,0
752,1,1
753,1,1
754,0,0
755,3,3
756,0,0
757,0,0
758,3,3
759,1,1
760,2,2
761,3,3
762,2,3
763,3,3
764,0,0
765,1,1
766,1,1
767,1,1
768,0,0
769,1,1
770,2,2
771,1,1
772,0,0
773,1,1
774,1,1
775,0,0
776,3,3
777,1,1
778,3,3
779,1,1
780,0,0
781,0,0
782,1,1
783,3,3
784,1,1
785,0,0
786,0,0
787,1,1
788,2,2
789,3,0
790,0,0
791,3,3
792,0,0
793,1,1
794,3,3
795,0,0
796,2,3
797,0,0
798,1,1
799,0,0
800,1,1
801,1,1
802,0,0
803,0,0
804,2,2
805,3,3
806,2,3
807,1,1
808,0,0
809,1,1
810,0,0
811,3,3
812,3,3
813,0,0
814,1,1
815,0,0
816,2,3
817,1,1
818,0,0
819,0,3
820,0,0
821,1,1
822,1,1
823,1,1
824,2,2
825,1,1
826,0,0
827,1,1
828,0,0
829,0,0
830,0,0
831,0,0
832,0,0
833,0,0
834,1,1
835,2,3
836,2,2
837,1,1
838,0,0
839,3,2
840,1,1
841,0,0
842,1,1
843,1,1
844,0,0
845,3,3
846,0,0
847,0,0
848,0,0
849,1,1
850,3,3
851,1,1
852,0,0
853,1,1
854,1,1
855,1,3
856,1,1
857,1,1
858,1,1
859,3,3
860,0,0
861,2,2
862,1,1
863,1,1
864,2,2
865,2,2
866,3,3
867,2,2
868,0,0
869,0,0
870,1,1
871,1,1
872,1,1
873,1,2
874,1,1
875,1,1
876,2,2
877,2,3
878,1,1
879,0,0
880,3,3
881,2,0
882,0,0
883,2,2
884,1,1
885,1,1
886,1,1
887,2,3
888,1,1
889,2,2
890,2,2
891,1,1
892,2,3
893,0,0
894,0,0
895,2,2
896,0,0
897,0,0
898,0,0
899,2,2
900,2,2
901,1,1
902,2,2
903,0,0
904,3,3
905,1,1
906,2,2
907,2,2
908,0,0
909,2,2
910,3,3
911,2,2
912,3,1
913,1,1
914,2,2
915,0,0
916,2,2
917,1,1
918,0,0
919,0,0
920,3,3
921,3,3
922,2,2
923,2,2
924,0,0
925,0,3
926,0,0
927,3,2
928,3,3
929,1,1
930,0,2
931,2,2
932,2,2
933,3,2
934,3,3
935,1,1
936,2,2
937,0,0
938,0,0
939,1,1
940,1,1
941,3,2
942,0,3
943,1,1
944,3,0
945,1,1
946,3,3
947,1,1
948,0,0
949,1,1
950,2,2
951,3,0
952,1,1
953,2,2
954,3,3
955,2,2
956,3,3
957,3,3
958,0,0
959,1,1
960,3,3
961,0,0
962,0,0
963,2,2
964,2,2
965,2,2
966,1,1
967,0,1
968,3,3
969,3,3
970,2,2
971,3,3
972,0,0
973,0,0
974,1,1
975,1,1
976,3,3
977,3,3
978,0,0
979,3,3
980,2,2
981,3,3
982,3,3
983,1,1
984,1,1
985,3,3
986,0,0
987,0,0
988,3,3
989,3,3
990,1,1
991,2,2
992,0,0
993,0,0
994,3,3
995,1,1
996,1,1
997,1,1
998,3,3
999,0,0
1000,2,2
1001,2,2
1002,3,3
1003,0,0
1004,3,0
1005,3,3
1006,2,2
1007,1,1
1008,1,0
1009,3,3
1010,2,2
1011,3,3
1012,2,2
1013,3,3
1014,3,3
1015,3,3
1016,1,1
1017,0,3
1018,2,2
1019,3,0
1020,1,1
1021,0,0
1022,3,3
1023,2,2
1024,3,3
1025,2,2
1026,3,2
1027,3,3
1028,0,0
1029,2,2
1030,2,2
1031,3,3
1032,3,3
1033,0,0
1034,1,1
1035,3,0
1036,2,2
1037,3,3
1038,3,3
1039,0,0
1040,1,1
1041,0,0
1042,3,3
1043,3,0
1044,2,2
1045,3,3
1046,3,3
1047,0,0
1048,1,1
1049,0,0
1050,2,2
1051,2,3
1052,0,0
1053,0,0
1054,1,1
1055,1,1
1056,1,1
1057,3,3
1058,0,0
1059,3,3
1060,1,1
1061,0,0
1062,2,3
1063,2,2
1064,0,0
1065,0,0
1066,3,3
1067,3,2
1068,2,3
1069,1,1
1070,3,3
1071,3,3
1072,3,3
1073,3,3
1074,3,2
1075,3,3
1076,3,3
1077,2,2
1078,3,3
1079,3,3
1080,0,1
1081,1,1
1082,1,1
1083,2,2
1084,2,0
1085,3,3
1086,3,3
1087,3,2
1088,3,3
1089,3,3
1090,0,0
1091,0,0
1092,0,0
1093,2,2
1094,2,2
1095,0,0
1096,0,0
1097,2,2
1098,3,1
1099,2,2
1100,0,0
1101,2,3
1102,1,1
1103,2,2
1104,3,3
1105,0,0
1106,3,3
1107,3,3
1108,3,3
1109,0,0
1110,2,0
1111,2,2
1112,1,1
1113,1,1
1114,1,1
1115,2,2
1116,2,2
1117,0,0
1118,3,3
1119,3,3
1120,1,1
1121,0,0
1122,2,2
1123,2,2
1124,2,3
1125,3,3
1126,2,2
1127,3,3
1128,1,1
1129,1,1
1130,0,0
1131,2,2
1132,3,3
1133,1,1
1134,0,0
1135,1,1
1136,0,0
1137,1,1
1138,1,1
1139,0,0
1140,3,3
1141,1,1
1142,0,0
1143,2,2
1144,1,1
1145,1,1
1146,0,0
1147,1,1
1148,0,0
1149,0,0
1150,0,0
1151,2,2
1152,1,1
1153,1,1
1154,3,3
1155,2,2
1156,0,0
1157,1,1
1158,1,1
1159,1,1
1160,2,2
1161,1,1
1162,3,3
1163,2,2
1164,2,2
1165,2,2
1166,2,2
1167,3,3
1168,0,2
1169,1,1
1170,1,1
1171,1,1
1172,1,1
1173,0,0
1174,1,1
1175,1,1
1176,1,1
1177,2,2
1178,2,2
1179,1,1
1180,0,0
1181,1,1
1182,3,3
1183,3,3
1184,1,1
1185,0,0
1186,0,0
1187,3,3
1188,2,2
1189,0,0
1190,3,3
1191,0,0
1192,1,1
1193,1,1
1194,1,1
1195,0,0
1196,0,0
1197,2,0
1198,1,1
1199,0,0
1200,0,0
1201,1,1
1202,1,1
1203,1,1
1204,2,0
1205,0,0
1206,1,1
1207,0,0
1208,1,1
1209,2,2
1210,2,2
1211,3,3
1212,1,1
1213,0,0
1214,2,2
1215,0,0
1216,1,1
1217,1,1
1218,1,1
1219,2,2
1220,0,0
1221,2,2
1222,0,0
1223,2,2
1224,0,0
1225,0,0
1226,3,3
1227,0,0
1228,1,1
1229,2,0
1230,3,3
1231,3,1
1232,1,1
1233,2,2
1234,3,3
1235,2,2
1236,3,3
1237,3,3
1238,1,1
1239,0,0
1240,2,2
1241,2,2
1242,3,3
1243,2,2
1244,1,1
1245,0,0
1246,1,1
1247,1,1
1248,2,2
1249,1,1
1250,1,1
1251,0,0
1252,2,3
1253,2,2
1254,2,2
1255,0,0
1256,0,0
1257,3,3
1258,2,0
1259,1,1
1260,1,1
1261,1,1
1262,3,3
1263,0,0
1264,0,0
1265,3,3
1266,0,0
1267,1,1
1268,3,3
1269,3,0
1270,2,2
1271,1,1
1272,0,1
1273,2,2
1274,2,2
1275,2,2
1276,1,1
1277,2,2
1278,0,0
1279,2,2
1280,3,2
1281,1,1
1282,1,1
1283,1,1
1284,1,1
1285,3,3
1286,2,2
1287,1,1
1288,1,1
1289,2,2
1290,0,0
1291,2,3
1292,3,3
1293,2,2
1294,3,3
1295,2,2
1296,2,0
1297,3,3
1298,0,0
1299,0,0
1300,0,0
1301,3,3
1302,1,1
1303,0,0
1304,1,1
1305,2,2
1306,0,0
1307,3,3
1308,0,0
1309,1,1
1310,2,2
1311,2,2
1312,2,3
1313,0,0
1314,3,3
1315,3,3
1316,0,0
1317,1,0
1318,2,2
1319,2,2
1320,1,1
1321,2,2
1322,1,1
1323,3,3
1324,2,2
1325,3,3
1326,3,2
1327,1,1
1328,1,1
1329,0,0
1330,2,2
1331,3,3
1332,3,3
1333,3,0
1334,2,2
1335,2,2
1336,2,2
1337,2,2
1338,0,0
1339,0,0
1340,1,1
1341,2,3
1342,1,1
1343,3,2
1344,2,2
1345,3,3
1346,3,3
1347,2,2
1348,1,1
1349,3,3
1350,3,3
1351,1,1
1352,0,0
1353,1,1
1354,3,3
1355,2,2
1356,1,1
1357,2,2
1358,2,2
1359,2,2
1360,3,3
1361,2,3
1362,1,1
1363,3,3
1364,3,2
1365,0,0
1366,2,2
1367,2,2
1368,3,3
1369,2,2
1370,3,3
1371,1,1
1372,2,2
1373,0,2
1374,2,2
1375,3,3
1376,1,1
1377,3,1
1378,3,3
1379,0,0
1380,2,2
1381,1,1
1382,1,1
1383,3,3
1384,1,1
1385,0,0
1386,0,0
1387,2,2
1388,2,2
1389,1,1
1390,3,3
1391,3,3
1392,3,3
1393,1,1
1394,0,0
1395,2,2
1396,2,2
1397,1,3
1398,2,2
1399,0,0
1400,1,1
1401,3,3
1402,0,0
1403,0,0
1404,1,1
1405,1,1
1406,1,1
1407,1,1
1408,1,1
1409,2,2
1410,2,2
1411,2,2
1412,3,3
1413,3,3
1414,1,1
1415,2,2
1416,2,2
1417,1,1
1418,1,1
1419,2,2
1420,2,2
1421,0,0
1422,1,1
1423,0,0
1424,0,0
1425,3,3
1426,3,3
1427,3,3
1428,3,3
1429,3,3
1430,2,2
1431,2,2
1432,2,2
1433,3,3
1434,3,3
1435,1,1
1436,0,3
1437,3,3
1438,2,2
1439,3,3
1440,1,1
1441,2,2
1442,0,0
1443,3,3
1444,3,3
1445,0,0
1446,3,3
1447,3,2
1448,0,0
1449,3,3
1450,2,2
1451,2,2
1452,3,3
1453,0,0
1454,1,1
1455,0,0
1456,2,2
1457,3,3
1458,1,1
1459,0,0
1460,3,3
1461,0,0
1462,3,3
1463,0,0
1464,0,0
1465,1,1
1466,0,1
1467,1,1
1468,1,1
1469,2,2
1470,1,1
1471,3,3
1472,0,0
1473,1,1
1474,3,3
1475,0,0
1476,2,2
1477,0,0
1478,1,1
1479,0,0
1480,2,2
1481,2,2
1482,2,2
1483,2,2
1484,1,1
1485,3,3
1486,3,3
1487,1,1
1488,1,1
1489,1,1
1490,0,0
1491,0,0
1492,0,0
1493,1,1
1494,0,3
1495,2,2
1496,1,1
1497,3,0
1498,3,3
1499,3,3
1500,2,2
1501,3,3
1502,1,1
1503,3,3
1504,0,0
1505,0,0
1506,0,0
1507,3,3
1508,3,2
1509,3,3
1510,3,3
1511,2,2
1512,3,3
1513,3,3
1514,2,2
1515,1,1
1516,3,3
1517,0,0
1518,1,1
1519,0,0
1520,3,3
1521,0,0
1522,1,1
1523,0,0
1524,2,2
1525,0,0
1526,3,3
1527,2,2
1528,0,0
1529,0,0
1530,2,2
1531,2,2
1532,0,0
1533,0,1
1534,3,3
1535,0,0
1536,1,1
1537,0,0
1538,0,0
1539,2,2
1540,1,1
1541,3,1
1542,3,3
1543,0,0
1544,0,0
1545,0,0
1546,0,0
1547,1,1
1548,2,2
1549,0,0
1550,3,3
1551,1,1
1552,2,2
1553,1,1
1554,1,1
1555,1,1
1556,2,2
1557,1,1
1558,1,1
1559,0,0
1560,1,1
1561,2,2
1562,0,0
1563,1,1
1564,1,1
1565,1,1
1566,1,1
1567,0,0
1568,0,0
1569,1,1
1570,1,1
1571,1,1
1572,0,0
1573,3,3
1574,1,1
1575,2,2
1576,0,0
1577,1,1
1578,0,0
1579,3,3
1580,0,0
1581,0,0
1582,0,0
1583,1,1
1584,2,2
1585,1,1
1586,0,0
1587,0,0
1588,1,1
1589,0,0
1590,2,2
1591,2,2
1592,1,1
1593,0,0
1594,1,1
1595,0,0
1596,1,1
1597,2,2
1598,0,0
1599,0,0
1600,3,3
1601,1,1
1602,2,2
1603,2,0
1604,1,1
1605,0,0
1606,3,3
1607,2,2
1608,0,0
1609,3,0
1610,3,3
1611,2,2
1612,2,3
1613,2,1
1614,1,1
1615,2,2
1616,0,0
1617,0,1
1618,3,3
1619,3,3
1620,3,3
1621,3,3
1622,2,2
1623,0,1
1624,1,1
1625,3,3
1626,3,3
1627,1,3
1628,2,2
1629,3,3
1630,3,3
1631,2,2
1632,3,0
1633,3,3
1634,3,3
1635,2,2
1636,0,0
1637,0,0
1638,2,2
1639,3,3
1640,3,3
1641,3,3
1642,3,3
1643,1,1
1644,0,0
1645,2,2
1646,1,1
1647,3,2
1648,0,0
1649,0,0
1650,1,1
1651,1,1
1652,2,2
1653,3,3
1654,2,2
1655,3,3
1656,1,1
1657,2,2
1658,0,0
1659,3,3
1660,3,3
1661,2,2
1662,2,2
1663,1,1
1664,0,0
1665,2,2
1666,3,3
1667,3,3
1668,2,0
1669,3,3
1670,2,2
1671,0,0
1672,0,0
1673,2,2
1674,1,1
1675,0,0
1676,3,3
1677,1,1
1678,2,2
1679,1,1
1680,0,0
1681,2,2
1682,1,1
1683,3,3
1684,1,1
1685,0,0
1686,3,3
1687,2,2
1688,3,2
1689,3,2
1690,3,3
1691,0,2
1692,2,2
1693,2,2
1694,2,2
1695,3,3
1696,3,3
1697,0,0
1698,1,1
1699,2,2
1700,0,0
1701,1,1
1702,3,3
1703,3,3
1704,3,3
1705,2,2
1706,1,1
1707,1,1
1708,2,3
1709,3,3
1710,3,3
1711,3,3
1712,1,0
1713,2,2
1714,2,2
1715,1,1
1716,0,0
1717,3,3
1718,2,2
1719,2,2
1720,2,3
1721,3,3
1722,1,1
1723,0,0
1724,3,3
1725,3,3
1726,2,2
1727,1,1
1728,3,3
1729,0,0
1730,2,2
1731,1,1
1732,1,1
1733,1,1
1734,1,1
1735,2,2
1736,1,1
1737,1,1
1738,1,1
1739,0,0
1740,1,1
1741,1,1
1742,0,3
1743,3,3
1744,0,0
1745,0,0
1746,2,2
1747,0,0
1748,2,2
1749,1,1
1750,3,3
1751,0,0
1752,2,2
1753,1,1
1754,3,3
1755,0,3
1756,0,0
1757,2,2
1758,1,1
1759,1,1
1760,0,0
1761,1,1
1762,3,3
1763,2,2
1764,0,0
1765,1,1
1766,2,2
1767,1,1
1768,0,0
1769,2,2
1770,2,3
1771,2,2
1772,0,0
1773,3,3
1774,3,0
1775,2,2
1776,1,1
1777,1,1
1778,0,0
1779,0,2
1780,0,0
1781,3,0
1782,1,1
1783,2,2
1784,3,3
1785,1,1
1786,1,1
1787,1,1
1788,2,2
1789,1,1
1790,2,3
1791,0,2
1792,2,3
1793,1,1
1794,1,1
1795,3,3
1796,2,3
1797,3,3
1798,1,3
1799,2,2
1800,0,0
1801,1,1
1802,3,3
1803,1,1
1804,2,2
1805,1,1
1806,3,3
1807,1,1
1808,0,0
1809,1,1
1810,1,1
1811,3,3
1812,1,1
1813,0,0
1814,3,3
1815,1,1
1816,0,0
1817,0,0
1818,0,0
1819,2,2
1820,3,3
1821,1,1
1822,0,0
1823,2,3
1824,1,1
1825,2,2
1826,2,2
1827,0,0
1828,0,0
1829,1,1
1830,1,1
1831,3,3
1832,1,1
1833,3,3
1834,0,0
1835,0,3
1836,0,0
1837,1,1
1838,2,2
1839,0,0
1840,1,1
1841,0,0
1842,2,0
1843,0,0
1844,0,0
1845,2,2
1846,0,0
1847,2,2
1848,0,0
1849,1,1
1850,0,0
1851,3,2
1852,0,0
1853,2,2
1854,3,3
1855,3,3
1856,0,0
1857,0,0
1858,1,1
1859,2,2
1860,0,0
1861,2,2
1862,2,2
1863,3,3
1864,3,0
1865,2,2
1866,0,3
1867,0,0
1868,3,3
1869,0,0
1870,2,2
1871,1,1
1872,0,0
1873,3,3
1874,3,3
1875,2,2
1876,1,1
1877,0,0
1878,3,3
1879,1,1
1880,0,0
1881,3,3
1882,1,1
1883,3,3
1884,3,2
1885,3,2
1886,0,0
1887,0,0
1888,3,3
1889,3,3
1890,3,3
1891,0,2
1892,2,0
1893,3,2
1894,0,0
1895,3,3
1896,2,0
1897,2,3
1898,3,3
1899,3,3
1900,2,2
1901,3,3
1902,1,1
1903,0,0
1904,0,0
1905,3,3
1906,1,1
1907,2,2
1908,1,1
1909,0,0
1910,1,1
1911,3,3
1912,0,0
1913,2,2
1914,3,3
1915,1,1
1916,3,2
1917,1,1
1918,3,2
1919,3,3
1920,2,2
1921,2,2
1922,3,3
1923,3,3
1924,2,2
1925,0,0
1926,2,2
1927,2,2
1928,2,2
1929,2,2
1930,1,1
1931,1,1
1932,1,1
1933,0,0
1934,0,0
1935,3,3
1936,0,0
1937,3,3
1938,3,3
1939,0,0
1940,3,3
1941,3,3
1942,1,1
1943,0,0
1944,1,1
1945,1,1
1946,0,2
1947,1,1
1948,1,1
1949,2,2
1950,1,1
1951,0,0
1952,1,1
1953,3,3
1954,3,3
1955,3,3
1956,3,3
1957,1,0
1958,2,2
1959,2,2
1960,1,1
1961,2,1
1962,2,2
1963,1,1
1964,3,3
1965,0,0
1966,0,0
1967,3,3
1968,3,3
1969,1,1
1970,1,1
1971,0,0
1972,2,2
1973,3,3
1974,2,3
1975,0,0
1976,0,1
1977,0,0
1978,3,3
1979,0,0
1980,0,0
1981,0,0
1982,1,1
1983,3,3
1984,3,3
1985,1,1
1986,3,3
1987,0,0
1988,3,3
1989,2,2
1990,3,3
1991,2,2
1992,1,1
1993,2,2
1994,0,0
1995,2,2
1996,3,3
1997,2,2
1998,0,0
1999,1,1
2000,1,1
2001,1,1
2002,1,1
2003,1,1
2004,0,0
2005,2,3
2006,3,2
2007,3,3
2008,1,1
2009,3,3
2010,2,2
2011,0,0
2012,0,0
2013,0,0
2014,0,0
2015,0,0
2016,0,0
2017,2,1
2018,1,1
2019,1,1
2020,0,0
2021,0,0
2022,0,0
2023,1,1
2024,0,0
2025,3,3
2026,1,1
2027,0,0
2028,0,1
2029,0,0
2030,0,0
2031,1,1
2032,1,1
2033,2,2
2034,3,3
2035,2,2
2036,1,1
2037,0,0
2038,2,3
2039,1,1
2040,1,1
2041,3,3
2042,0,0
2043,0,0
2044,1,1
2045,1,1
2046,2,1
2047,0,0
2048,1,1
2049,2,2
2050,1,1
2051,1,1
2052,1,1
2053,0,0
2054,0,0
2055,0,0
2056,0,0
2057,0,0
2058,1,1
2059,0,0
2060,0,0
2061,3,3
2062,2,3
2063,0,0
2064,1,1
2065,0,0
2066,1,1
2067,2,2
2068,2,2
2069,1,1
2070,3,3
2071,0,0
2072,1,1
2073,0,0
2074,0,0
2075,1,1
2076,0,0
2077,1,1
2078,1,1
2079,1,1
2080,2,2
2081,3,3
2082,3,3
2083,0,0
2084,2,2
2085,3,3
2086,2,2
2087,0,0
2088,0,0
2089,3,3
2090,1,1
2091,2,3
2092,0,0
2093,3,3
2094,3,3
2095,3,2
2096,1,1
2097,1,1
2098,2,2
2099,1,1
2100,3,3
2101,3,0
2102,3,3
2103,3,3
2104,3,3
2105,0,2
2106,3,3
2107,3,3
2108,0,0
2109,1,1
2110,1,1
2111,2,2
2112,3,3
2113,3,3
2114,1,1
2115,3,3
2116,2,2
2117,2,2
2118,0,0
2119,1,1
2120,2,3
2121,2,0
2122,3,3
2123,2,2
2124,2,3
2125,0,0
2126,3,0
2127,2,2
2128,3,3
2129,3,3
2130,3,3
2131,3,2
2132,1,1
2133,3,3
2134,0,0
2135,0,0
2136,1,1
2137,0,0
2138,3,0
2139,3,3
2140,0,0
2141,3,3
2142,3,3
2143,3,3
2144,1,1
2145,3,3
2146,1,1
2147,1,1
2148,2,2
2149,3,3
2150,0,0
2151,3,3
2152,2,2
2153,1,1
2154,0,0
2155,1,1
2156,2,2
2157,2,2
2158,0,0
2159,0,0
2160,1,1
2161,0,0
2162,3,3
2163,2,2
2164,0,0
2165,3,3
2166,3,3
2167,0,0
2168,2,2
2169,2,3
2170,3,3
2171,1,1
2172,0,0
2173,0,1
2174,0,0
2175,2,2
2176,3,3
2177,3,3
2178,3,3
2179,3,2
2180,3,2
2181,3,3
2182,2,2
2183,0,0
2184,0,0
2185,3,0
2186,2,2
2187,0,0
2188,2,2
2189,2,2
2190,2,2
2191,3,3
2192,1,1
2193,3,3
2194,3,3
2195,0,0
2196,3,3
2197,3,3
2198,2,0
2199,3,3
2200,3,1
2201,1,1
2202,3,3
2203,0,0
2204,2,2
2205,0,2
2206,2,2
2207,2,2
2208,3,3
2209,3,3
2210,3,2
2211,3,3
2212,2,2
2213,2,2
2214,2,2
2215,0,0
2216,1,1
2217,3,3
2218,0,0
2219,0,3
2220,1,1
2221,1,1
2222,3,3
2223,3,3
2224,0,0
2225,3,3
2226,0,0
2227,2,2
2228,0,0
2229,1,1
2230,1,1
2231,0,0
2232,2,2
2233,2,2
2234,2,3
2235,1,0
2236,0,2
2237,0,0
2238,2,2
2239,1,1
2240,1,1
2241,0,0
2242,0,0
2243,1,1
2244,1,1
2245,3,3
2246,0,0
2247,0,2
2248,3,0
2249,0,0
2250,1,1
2251,3,0
2252,3,3
2253,2,3
2254,0,0
2255,3,3
2256,3,2
2257,2,2
2258,2,2
2259,2,2
2260,2,2
2261,1,1
2262,3,3
2263,2,2
2264,1,1
2265,1,1
2266,3,3
2267,1,1
2268,1,1
2269,3,3
2270,3,3
2271,0,0
2272,3,3
2273,0,0
2274,3,3
2275,2,2
2276,0,0
2277,1,1
2278,2,2
2279,2,2
2280,0,0
2281,2,0
2282,3,3
2283,3,3
2284,0,3
2285,3,3
2286,3,3
2287,3,3
2288,0,0
2289,3,3
2290,0,0
2291,3,3
2292,3,3
2293,3,3
2294,3,3
2295,1,1
2296,2,2
2297,1,1
2298,2,2
2299,2,2
2300,0,0
2301,1,1
2302,1,1
2303,0,0
2304,1,1
2305,1,1
2306,0,2
2307,2,2
2308,2,2
2309,0,0
2310,2,2
2311,2,2
2312,2,2
2313,2,2
2314,2,2
2315,1,1
2316,3,3
2317,2,2
2318,2,2
2319,2,2
2320,1,1
2321,2,2
2322,2,2
2323,3,3
2324,0,0
2325,0,0
2326,1,1
2327,1,1
2328,1,1
2329,1,1
2330,1,1
2331,2,2
2332,2,2
2333,2,3
2334,1,1
2335,3,3
2336,3,3
2337,1,1
2338,2,2
2339,0,0
2340,0,0
2341,1,1
2342,2,2
2343,2,3
2344,2,2
2345,3,3
2346,1,1
2347,0,0
2348,3,3
2349,0,0
2350,3,3
2351,2,2
2352,2,2
2353,3,3
2354,2,2
2355,3,1
2356,2,2
2357,1,0
2358,3,3
2359,2,2
2360,0,0
2361,0,0
2362,1,1
2363,2,2
2364,3,3
2365,0,0
2366,0,0
2367,2,2
2368,0,0
2369,0,0
2370,0,0
2371,1,1
2372,0,0
2373,2,2
2374,3,3
2375,1,1
2376,2,2
2377,2,2
2378,0,0
2379,3,2
2380,3,3
2381,3,3
2382,3,3
2383,1,1
2384,3,3
2385,2,2
2386,0,0
2387,3,3
2388,1,0
2389,1,1
2390,1,1
2391,2,2
2392,0,0
2393,1,1
2394,2,2
2395,2,2
2396,2,2
2397,3,0
2398,0,0
2399,0,3
2400,0,3
2401,2,2
2402,1,1
2403,1,1
2404,1,1
2405,2,3
2406,0,0
2407,2,2
2408,3,3
2409,1,0
2410,0,0
2411,1,1
2412,3,3
2413,2,2
2414,3,3
2415,3,3
2416,1,1
2417,3,2
2418,0,0
2419,3,3
2420,2,2
2421,2,2
2422,3,3
2423,3,0
2424,2,2
2425,2,2
2426,0,0
2427,2,0
2428,3,3
2429,0,0
2430,2,2
2431,2,2
2432,3,3
2433,1,1
2434,3,3
2435,3,2
2436,3,3
2437,3,3
2438,3,0
2439,2,2
2440,2,2
2441,3,3
2442,1,0
2443,0,0
2444,2,2
2445,2,2
2446,3,0
2447,3,3
2448,2,0
2449,0,3
2450,2,2
2451,2,2
2452,3,3
2453,1,1
2454,1,1
2455,1,1
2456,1,1
2457,3,3
2458,2,3
2459,1,1
2460,0,0
2461,0,0
2462,2,2
2463,0,0
2464,1,1
2465,1,1
2466,2,2
2467,1,1
2468,0,1
2469,2,2
2470,2,2
2471,1,1
2472,1,1
2473,1,1
2474,2,2
2475,1,1
2476,0,0
2477,1,1
2478,1,1
2479,2,2
2480,1,1
2481,2,2
2482,0,0
2483,3,3
2484,1,1
2485,1,1
2486,0,0
2487,0,0
2488,2,2
2489,2,2
2490,1,1
2491,0,3
2492,1,1
2493,1,1
2494,1,1
2495,1,1
2496,1,2
2497,2,2
2498,0,0
2499,1,1
2500,2,2
2501,2,2
2502,1,1
2503,1,1
2504,0,0
2505,1,1
2506,0,0
2507,0,0
2508,3,3
2509,1,1
2510,1,1
2511,1,1
2512,0,0
2513,0,0
2514,0,0
2515,1,1
2516,1,1
2517,1,1
2518,1,1
2519,0,0
2520,3,3
2521,3,0
2522,3,3
2523,1,1
2524,0,0
2525,0,0
2526,1,1
2527,0,0
2528,0,0
2529,1,1
2530,1,1
2531,0,0
2532,1,1
2533,3,3
2534,3,3
2535,2,2
2536,1,1
2537,1,1
2538,1,1
2539,0,0
2540,0,0
2541,2,2
2542,3,3
2543,2,2
2544,1,1
2545,2,3
2546,2,1
2547,0,0
2548,0,2
2549,0,0
2550,2,2
2551,1,1
2552,1,1
2553,0,0
2554,0,0
2555,3,3
2556,3,3
2557,1,1
2558,0,0
2559,0,0
2560,1,1
2561,0,0
2562,1,1
2563,0,0
2564,0,0
2565,2,2
2566,2,0
2567,0,0
2568,1,1
2569,1,1
2570,1,1
2571,3,3
2572,0,0
2573,2,2
2574,2,3
2575,3,3
2576,3,3
2577,3,2
2578,0,0
2579,1,0
2580,2,2
2581,2,0
2582,3,3
2583,3,3
2584,1,1
2585,3,3
2586,3,3
2587,0,0
2588,2,2
2589,3,3
2590,2,2
2591,0,1
2592,2,2
2593,0,0
2594,2,2
2595,0,0
2596,2,2
2597,2,2
2598,3,2
2599,2,2
2600,2,2
2601,3,3
2602,0,0
2603,0,0
2604,0,0
2605,3,3
2606,1,1
2607,0,3
2608,3,3
2609,2,2
2610,2,3
2611,3,3
2612,3,3
2613,0,2
2614,2,2
2615,1,1
2616,3,3
2617,2,2
2618,3,3
2619,3,3
2620,2,2
2621,3,3
2622,1,1
2623,1,1
2624,0,2
2625,3,3
2626,1,1
2627,2,2
2628,2,2
2629,1,1
2630,1,1
2631,1,1
2632,0,0
2633,3,1
2634,1,1
2635,3,3
2636,2,2
2637,0,0
2638,2,2
2639,1,1
2640,1,1
2641,1,1
2642,1,1
2643,2,2
2644,1,1
2645,1,1
2646,0,0
2647,0,0
2648,2,2
2649,2,2
2650,3,3
2651,1,1
2652,2,2
2653,0,3
2654,2,2
2655,3,3
2656,0,1
2657,0,0
2658,2,2
2659,2,2
2660,3,2
2661,1,1
2662,2,2
2663,0,0
2664,2,2
2665,1,1
2666,2,2
2667,2,2
2668,0,0
2669,3,3
2670,0,2
2671,2,2
2672,2,2
2673,3,3
2674,3,3
2675,2,2
2676,3,3
2677,3,3
2678,3,3
2679,2,3
2680,2,2
2681,3,3
2682,3,3
2683,0,2
2684,2,2
2685,0,0
2686,0,2
2687,2,2
2688,2,2
2689,1,1
2690,1,1
2691,1,1
2692,3,3
2693,3,3
2694,3,3
2695,0,0
2696,2,2
2697,2,2
2698,3,3
2699,2,2
2700,2,2
2701,2,2
2702,0,0
2703,2,2
2704,0,0
2705,1,1
2706,2,2
2707,3,3
2708,3,3
2709,3,3
2710,3,3
2711,0,0
2712,3,3
2713,1,1
2714,2,2
2715,1,1
2716,1,1
2717,1,1
2718,2,3
2719,3,3
2720,0,0
2721,0,0
2722,3,3
2723,1,1
2724,2,2
2725,0,0
2726,2,2
2727,3,3
2728,1,1
2729,2,2
2730,0,0
2731,2,2
2732,3,3
2733,1,1
2734,0,0
2735,2,2
2736,1,1
2737,1,1
2738,0,1
2739,1,1
2740,0,0
2741,2,2
2742,3,3
2743,0,0
2744,1,1
2745,2,2
2746,2,2
2747,1,1
2748,3,3
2749,2,2
2750,2,3
2751,1,1
2752,2,3
2753,3,3
2754,3,3
2755,2,2
2756,3,3
2757,2,2
2758,0,3
2759,2,2
2760,3,3
2761,0,0
2762,2,2
2763,3,3
2764,3,3
2765,2,2
2766,3,3
2767,3,2
2768,2,2
2769,0,0
2770,3,3
2771,2,2
2772,2,2
2773,3,3
2774,1,1
2775,2,2
2776,3,3
2777,1,1
2778,3,2
2779,3,3
2780,3,3
2781,0,0
2782,1,1
2783,2,2
2784,1,1
2785,3,3
2786,2,2
2787,3,3
2788,3,3
2789,2,2
2790,3,3
2791,2,2
2792,3,3
2793,1,1
2794,1,1
2795,2,2
2796,3,3
2797,3,3
2798,1,1
2799,3,3
2800,3,3
2801,3,3
2802,0,0
2803,1,1
2804,3,3
2805,3,2
2806,3,2
2807,3,3
2808,0,0
2809,1,1
2810,3,3
2811,3,3
2812,3,3
2813,3,3
2814,0,0
2815,2,2
2816,2,2
2817,0,0
2818,3,3
2819,0,0
2820,1,1
2821,1,1
2822,0,2
2823,2,2
2824,0,0
2825,1,1
2826,1,1
2827,2,2
2828,2,3
2829,1,1
2830,0,0
2831,3,1
2832,1,1
2833,3,0
2834,0,0
2835,2,2
2836,2,2
2837,1,1
2838,0,0
2839,0,0
2840,0,0
2841,2,2
2842,3,3
2843,2,2
2844,3,3
2845,1,1
2846,0,0
2847,0,2
2848,3,3
2849,3,3
2850,3,3
2851,2,2
2852,2,2
2853,0,0
2854,3,3
2855,0,0
2856,3,3
2857,2,3
2858,1,1
2859,1,1
2860,0,0
2861,3,3
2862,3,3
2863,1,1
2864,3,3
2865,0,0
2866,2,2
2867,2,3
2868,3,2
2869,2,2
2870,1,1
2871,1,1
2872,1,1
2873,2,3
2874,1,1
2875,2,2
2876,1,1
2877,3,3
2878,2,2
2879,3,3
2880,1,1
2881,0,0
2882,3,3
2883,0,0
2884,0,0
2885,3,3
2886,3,3
2887,1,1
2888,1,1
2889,1,1
2890,1,1
2891,1,1
2892,1,1
2893,1,1
2894,3,3
2895,1,1
2896,1,1
2897,2,2
2898,1,1
2899,2,2
2900,1,1
2901,0,0
2902,3,3
2903,0,0
2904,1,1
2905,1,1
2906,0,0
2907,1,1
2908,1,1
2909,2,2
2910,3,3
2911,0,0
2912,0,0
2913,3,3
2914,2,3
2915,3,3
2916,1,1
2917,1,1
2918,3,3
2919,3,2
2920,0,0
2921,0,0
2922,2,2
2923,2,2
2924,1,1
2925,0,0
2926,3,3
2927,1,1
2928,3,3
2929,3,3
2930,3,3
2931,3,3
2932,2,2
2933,1,1
2934,1,1
2935,2,2
2936,3,3
2937,2,2
2938,2,2
2939,2,3
2940,2,2
2941,3,3
2942,1,1
2943,1,1
2944,0,2
2945,2,2
2946,3,3
2947,0,0
2948,3,3
2949,3,3
2950,1,1
2951,1,1
2952,2,2
2953,3,3
2954,1,1
2955,3,3
2956,0,0
2957,2,2
2958,3,3
2959,0,0
2960,1,1
2961,1,1
2962,3,3
2963,1,1
2964,0,0
2965,3,2
2966,0,0
2967,2,2
2968,0,0
2969,3,3
2970,2,2
2971,2,2
2972,1,1
2973,0,0
2974,2,2
2975,2,2
2976,0,3
2977,0,0
2978,2,2
2979,3,3
2980,1,1
2981,2,2
2982,3,3
2983,0,0
2984,0,0
2985,2,1
2986,2,2
2987,2,2
2988,2,2
2989,0,0
2990,0,0
2991,1,1
2992,1,1
2993,0,0
2994,1,1
2995,1,1
2996,0,0
2997,0,0
2998,1,1
2999,0,0
3000,1,1
3001,2,2
3002,1,1
3003,2,2
3004,3,3
3005,2,2
3006,0,0
3007,1,1
3008,2,0
3009,1,1
3010,2,2
3011,2,2
3012,3,3
3013,0,0
3014,2,0
3015,1,1
3016,2,2
3017,2,0
3018,1,1
3019,0,0
3020,2,2
3021,0,0
3022,1,1
3023,2,2
3024,1,1
3025,2,2
3026,1,1
3027,3,2
3028,1,1
3029,1,1
3030,1,1
3031,1,1
3032,1,1
3033,0,0
3034,3,3
3035,2,2
3036,1,1
3037,1,1
3038,3,3
3039,0,0
3040,0,0
3041,0,0
3042,0,0
3043,1,1
3044,0,0
3045,2,2
3046,1,1
3047,1,1
3048,0,0
3049,1,1
3050,1,1
3051,2,2
3052,2,2
3053,1,1
3054,0,0
3055,2,2
3056,3,3
3057,3,3
3058,0,0
3059,3,3
3060,3,1
3061,0,0
3062,0,2
3063,0,1
3064,0,0
3065,1,1
3066,1,1
3067,2,2
3068,3,0
3069,2,2
3070,2,0
3071,1,1
3072,1,1
3073,3,3
3074,1,1
3075,0,0
3076,2,3
3077,2,1
3078,2,2
3079,1,1
3080,3,3
3081,0,2
3082,0,0
3083,2,2
3084,2,2
3085,0,0
3086,2,2
3087,3,3
3088,1,1
3089,3,3
3090,3,3
3091,3,1
3092,1,1
3093,0,0
3094,1,1
3095,1,1
3096,2,2
3097,3,3
3098,2,2
3099,3,3
3100,3,3
3101,2,2
3102,0,0
3103,3,3
3104,2,2
3105,2,2
3106,0,0
3107,3,3
3108,0,0
3109,3,3
3110,3,3
3111,0,0
3112,2,2
3113,0,0
3114,3,3
3115,2,3
3116,3,2
3117,1,1
3118,0,0
3119,2,2
3120,3,3
3121,2,2
3122,0,0
3123,0,0
3124,0,0
3125,3,2
3126,1,1
3127,3,3
3128,2,2
3129,3,3
3130,2,2
3131,1,1
3132,0,0
3133,0,0
3134,2,2
3135,2,2
3136,3,3
3137,3,3
3138,0,0
3139,3,3
3140,3,3
3141,3,1
3142,1,1
3143,0,0
3144,2,2
3145,3,3
3146,3,3
3147,0,0
3148,1,1
3149,1,1
3150,1,1
3151,0,0
3152,0,0
3153,0,0
3154,1,1
3155,3,2
3156,2,3
3157,0,3
3158,2,2
3159,3,3
3160,1,1
3161,0,0
3162,3,3
3163,0,2
3164,0,0
3165,1,1
3166,1,1
3167,0,0
3168,3,3
3169,0,0
3170,2,3
3171,2,2
3172,0,0
3173,1,1
3174,0,0
3175,3,3
3176,0,0
3177,2,2
3178,2,2
3179,1,1
3180,3,0
3181,0,0
3182,2,2
3183,2,3
3184,2,2
3185,3,3
3186,0,1
3187,0,0
3188,2,2
3189,2,2
3190,2,2
3191,0,0
3192,2,2
3193,2,2
3194,0,0
3195,0,0
3196,0,0
3197,3,3
3198,3,3
3199,3,3
3200,1,1
3201,2,2
3202,2,2
3203,2,2
3204,3,3
3205,0,0
3206,0,0
3207,2,2
3208,1,1
3209,2,2
3210,0,0
3211,0,0
3212,2,2
3213,2,2
3214,2,2
3215,2,2
3216,1,1
3217,3,2
3218,2,2
3219,0,0
3220,2,3
3221,3,3
3222,3,3
3223,3,3
3224,0,0
3225,3,2
3226,0,0
3227,3,2
3228,0,0
3229,3,3
3230,1,1
3231,1,1
3232,1,1
3233,0,0
3234,1,1
3235,1,1
3236,1,2
3237,1,1
3238,1,1
3239,0,0
3240,2,2
3241,3,3
3242,2,2
3243,2,2
3244,1,1
3245,0,0
3246,2,2
3247,0,0
3248,0,0
3249,0,0
3250,0,0
3251,3,3
3252,2,2
3253,0,0
3254,0,0
3255,0,0
3256,3,3
3257,3,3
3258,2,2
3259,1,1
3260,2,3
3261,1,1
3262,3,3
3263,3,3
3264,2,3
3265,3,1
3266,2,2
3267,2,2
3268,0,0
3269,2,2
3270,2,3
3271,1,1
3272,2,2
3273,1,1
3274,2,2
3275,1,1
3276,2,2
3277,2,2
3278,3,3
3279,0,0
3280,3,3
3281,3,3
3282,3,0
3283,1,1
3284,0,0
3285,3,3
3286,0,0
3287,3,3
3288,2,2
3289,3,3
3290,3,3
3291,3,3
3292,3,3
3293,3,3
3294,2,2
3295,0,0
3296,3,3
3297,0,0
3298,0,0
3299,2,2
3300,0,0
3301,0,0
3302,1,1
3303,0,2
3304,2,2
3305,3,3
3306,0,3
3307,2,2
3308,1,1
3309,1,1
3310,3,3
3311,0,0
3312,0,2
3313,3,3
3314,0,2
3315,0,0
3316,0,0
3317,1,1
3318,1,1
3319,2,2
3320,1,1
3321,2,2
3322,1,1
3323,2,2
3324,2,2
3325,2,2
3326,1,1
3327,2,2
3328,0,0
3329,2,2
3330,2,2
3331,1,1
3332,2,2
3333,0,0
3334,2,3
3335,2,2
3336,1,1
3337,1,0
3338,1,1
3339,2,2
3340,1,1
3341,2,2
3342,3,3
3343,3,2
3344,0,0
3345,0,0
3346,0,2
3347,1,1
3348,1,1
3349,1,1
3350,2,2
3351,2,2
3352,1,1
3353,0,0
3354,2,3
3355,3,3
3356,3,2
3357,1,1
3358,0,0
3359,1,1
3360,1,1
3361,1,1
3362,1,1
3363,2,2
3364,3,3
3365,1,1
3366,1,1
3367,0,0
3368,3,3
3369,1,1
3370,3,3
3371,3,3
3372,1,1
3373,1,1
3374,3,3
3375,3,3
3376,1,1
3377,0,0
3378,0,0
3379,2,2
3380,2,2
3381,2,2
3382,3,3
3383,3,3
3384,0,2
3385,1,1
3386,2,2
3387,1,1
3388,0,0
3389,0,0
3390,2,2
3391,1,1
3392,3,1
3393,0,0
3394,3,3
3395,3,3
3396,2,2
3397,3,3
3398,0,0
3399,0,0
3400,0,0
3401,3,3
3402,3,3
3403,2,2
3404,3,3
3405,3,3
3406,2,3
3407,0,0
3408,0,0
3409,2,1
3410,2,2
3411,2,2
3412,3,3
3413,1,3
3414,3,3
3415,2,2
3416,1,1
3417,3,3
3418,2,2
3419,2,2
3420,3,3
3421,3,3
3422,2,0
3423,2,2
3424,1,1
3425,1,1
3426,3,3
3427,2,2
3428,0,0
3429,3,3
3430,2,2
3431,0,0
3432,2,2
3433,3,3
3434,0,0
3435,3,3
3436,0,0
3437,2,2
3438,3,3
3439,0,0
3440,2,2
3441,3,3
3442,1,1
3443,3,3
3444,0,0
3445,2,2
3446,0,0
3447,2,2
3448,2,2
3449,3,3
3450,0,0
3451,0,0
3452,0,0
3453,0,0
3454,0,0
3455,2,3
3456,3,3
3457,1,1
3458,2,2
3459,3,3
3460,3,3
3461,0,0
3462,1,1
3463,1,1
3464,1,1
3465,2,3
3466,2,2
3467,3,3
3468,1,1
3469,2,2
3470,3,3
3471,2,2
3472,3,3
3473,0,0
3474,0,0
3475,3,3
3476,3,3
3477,0,0
3478,3,3
3479,0,0
3480,0,0
3481,0,0
3482,2,2
3483,0,0
3484,0,0
3485,0,0
3486,3,3
3487,3,3
3488,2,2
3489,1,1
3490,1,1
3491,0,0
3492,2,2
3493,0,0
3494,0,0
3495,2,2
3496,3,3
3497,3,3
3498,1,1
3499,1,1
3500,0,0
3501,3,3
3502,3,3
3503,0,0
3504,0,0
3505,0,0
3506,3,3
3507,1,1
3508,2,2
3509,0,0
3510,0,0
3511,0,0
3512,3,3
3513,0,0
3514,1,1
3515,0,0
3516,0,0
3517,0,0
3518,0,0
3519,1,1
3520,1,1
3521,1,1
3522,1,1
3523,1,1
3524,0,3
3525,1,1
3526,0,0
3527,1,1
3528,0,0
3529,1,1
3530,1,1
3531,0,0
3532,3,3
3533,0,0
3534,1,1
3535,3,3
3536,0,0
3537,3,2
3538,2,1
3539,1,1
3540,0,0
3541,1,1
3542,2,2
3543,1,1
3544,1,1
3545,0,0
3546,0,3
3547,0,0
3548,2,3
3549,0,0
3550,1,1
3551,1,1
3552,0,0
3553,2,0
3554,2,0
3555,0,0
3556,2,2
3557,1,1
3558,0,0
3559,1,1
3560,1,1
3561,0,3
3562,1,1
3563,0,1
3564,3,3
3565,0,0
3566,2,2
3567,3,3
3568,1,1
3569,0,0
3570,0,1
3571,2,0
3572,0,0
3573,2,2
3574,3,3
3575,2,2
3576,2,3
3577,2,2
3578,1,1
3579,0,0
3580,2,3
3581,0,2
3582,2,3
3583,2,2
3584,1,1
3585,1,1
3586,1,1
3587,0,0
3588,3,3
3589,2,2
3590,0,3
3591,2,2
3592,2,2
3593,2,2
3594,0,0
3595,2,2
3596,1,1
3597,1,1
3598,0,1
3599,1,1
3600,2,2
3601,1,1
3602,3,3
3603,1,1
3604,0,0
3605,3,3
3606,0,0
3607,2,2
3608,0,0
3609,0,0
3610,3,3
3611,0,0
3612,3,3
3613,0,0
3614,3,3
3615,0,0
3616,2,0
3617,2,3
3618,1,1
3619,0,0
3620,1,1
3621,1,1
3622,0,0
3623,3,3
3624,2,2
3625,0,0
3626,1,1
3627,0,3
3628,2,2
3629,0,0
3630,1,1
3631,2,0
3632,2,2
3633,0,0
3634,2,2
3635,2,2
3636,1,1
3637,0,0
3638,0,3
3639,1,1
3640,2,2
3641,1,1
3642,3,3
3643,3,0
3644,0,0
3645,3,3
3646,1,1
3647,1,1
3648,0,0
3649,0,0
3650,0,0
3651,3,3
3652,3,3
3653,2,2
3654,0,0
3655,3,3
3656,2,2
3657,0,0
3658,2,2
3659,3,3
3660,0,0
3661,0,1
3662,0,2
3663,2,2
3664,3,2
3665,0,0
3666,1,1
3667,3,3
3668,3,3
3669,0,0
3670,3,3
3671,2,3
3672,2,3
3673,0,0
3674,2,2
3675,3,2
3676,3,3
3677,1,1
3678,0,0
3679,3,2
3680,2,2
3681,3,3
3682,2,2
3683,0,0
3684,2,2
3685,0,0
3686,0,0
3687,3,2
3688,0,1
3689,3,3
3690,3,3
3691,3,3
3692,2,2
3693,1,1
3694,2,2
3695,1,1
3696,0,0
3697,0,0
3698,0,0
3699,2,2
3700,2,2
3701,2,2
3702,3,2
3703,3,3
3704,1,1
3705,0,0
3706,3,3
3707,0,0
3708,3,0
3709,1,1
3710,0,0
3711,2,2
3712,2,0
3713,2,2
3714,3,2
3715,3,3
3716,2,3
3717,3,3
3718,0,0
3719,1,1
3720,2,2
3721,1,1
3722,3,3
3723,2,1
3724,2,2
3725,1,1
3726,3,3
3727,0,0
3728,2,3
3729,2,2
3730,3,3
3731,3,3
3732,3,3
3733,1,1
3734,1,1
3735,0,0
3736,1,1
3737,0,0
3738,3,3
3739,3,3
3740,1,1
3741,3,3
3742,2,2
3743,0,0
3744,1,1
3745,1,1
3746,0,1
3747,0,2
3748,1,1
3749,0,0
3750,2,2
3751,2,2
3752,2,2
3753,0,0
3754,2,2
3755,0,0
3756,0,0
3757,3,3
3758,0,0
3759,3,2
3760,3,3
3761,0,0
3762,0,3
3763,2,2
3764,2,2
3765,2,2
3766,3,3
3767,0,0
3768,1,1
3769,2,2
3770,2,2
3771,1,1
3772,1,1
3773,1,1
3774,0,0
3775,3,3
3776,3,3
3777,3,0
3778,2,2
3779,2,2
3780,3,3
3781,1,1
3782,0,0
3783,0,0
3784,0,0
3785,0,0
3786,0,0
3787,3,3
3788,3,3
3789,2,2
3790,0,2
3791,1,1
3792,1,1
3793,3,3
3794,1,1
3795,2,2
3796,2,3
3797,2,2
3798,1,1
3799,0,0
3800,3,2
3801,3,3
3802,3,3
3803,1,1
3804,2,2
3805,0,1
3806,1,1
3807,2,2
3808,1,1
3809,1,1
3810,0,0
3811,3,3
3812,2,2
3813,2,3
3814,0,0
3815,3,3
3816,3,3
3817,2,2
3818,3,3
3819,2,2
3820,1,1
3821,0,0
3822,2,2
3823,2,2
3824,3,3
3825,1,1
3826,2,3
3827,3,3
3828,3,3
3829,2,2
3830,3,3
3831,1,1
3832,0,0
3833,0,0
3834,3,2
3835,3,3
3836,1,1
3837,1,1
3838,0,0
3839,1,1
3840,1,1
3841,1,1
3842,2,2
3843,0,0
3844,0,0
3845,0,0
3846,3,3
3847,3,3
3848,1,1
3849,3,3
3850,0,0
3851,1,1
3852,1,1
3853,3,3
3854,2,2
3855,0,0
3856,0,2
3857,2,2
3858,1,1
3859,1,1
3860,0,0
3861,2,2
3862,2,2
3863,0,0
3864,2,2
3865,1,1
3866,2,2
3867,2,2
3868,2,2
3869,3,3
3870,2,2
3871,1,1
3872,3,3
3873,0,0
3874,0,0
3875,2,2
3876,0,0
3877,0,0
3878,0,0
3879,3,3
3880,2,2
3881,1,1
3882,0,2
3883,3,3
3884,1,1
3885,1,1
3886,0,0
3887,3,2
3888,3,0
3889,2,2
3890,2,2
3891,3,3
3892,1,1
3893,0,0
3894,1,1
3895,3,3
3896,1,1
3897,0,0
3898,1,1
3899,0,1
3900,0,1
3901,1,1
3902,2,2
3903,0,0
3904,0,0
3905,1,1
3906,0,0
3907,2,2
3908,1,1
3909,0,0
3910,0,0
3911,0,0
3912,0,0
3913,3,3
3914,0,0
3915,0,0
3916,0,3
3917,1,1
3918,0,0
3919,1,1
3920,0,0
3921,1,1
3922,3,3
3923,1,1
3924,1,1
3925,0,0
3926,1,1
3927,1,1
3928,0,0
3929,0,0
3930,0,0
3931,0,0
3932,1,1
3933,1,1
3934,2,2
3935,1,1
3936,1,1
3937,1,1
3938,1,1
3939,1,1
3940,2,2
3941,1,1
3942,1,1
3943,0,0
3944,1,1
3945,3,2
3946,1,1
3947,1,1
3948,0,0
3949,2,2
3950,3,3
3951,1,1
3952,1,1
3953,3,3
3954,3,3
3955,1,1
3956,0,0
3957,0,0
3958,0,0
3959,1,1
3960,0,0
3961,1,1
3962,1,1
3963,1,1
3964,3,3
3965,1,1
3966,1,1
3967,0,0
3968,2,3
3969,3,3
3970,2,3
3971,0,0
3972,1,0
3973,1,3
3974,2,2
3975,2,2
3976,2,2
3977,2,2
3978,1,1
3979,0,0
3980,0,1
3981,0,3
3982,1,1
3983,3,3
3984,3,3
3985,3,3
3986,3,3
3987,3,3
3988,2,2
3989,3,3
3990,2,2
3991,3,3
3992,0,0
3993,3,3
3994,3,3
3995,1,1
3996,1,1
3997,1,1
3998,3,0
3999,0,0
4000,2,3
4001,0,0
4002,2,2
4003,2,2
4004,3,3
4005,3,3
4006,2,2
4007,0,0
4008,2,2
4009,3,3
4010,0,0
4011,1,1
4012,3,3
4013,2,2
4014,2,2
4015,0,0
4016,3,3
4017,3,3
4018,1,1
4019,1,1
4020,2,2
4021,3,3
4022,2,2
4023,3,3
4024,2,2
4025,2,2
4026,2,2
4027,0,1
4028,0,2
4029,0,1
4030,3,2
4031,1,1
4032,0,0
4033,2,2
4034,1,1
4035,2,2
4036,2,2
4037,1,1
4038,0,0
4039,0,0
4040,1,1
4041,1,1
4042,1,1
4043,1,1
4044,0,0
4045,2,2
4046,1,1
4047,3,3
4048,3,3
4049,2,2
4050,1,1
4051,3,3
4052,2,2
4053,0,0
4054,1,1
4055,2,2
4056,2,2
4057,3,0
4058,3,2
4059,2,2
4060,2,2
4061,1,1
4062,0,0
4063,2,2
4064,1,1
4065,2,0
4066,1,1
4067,0,0
4068,0,0
4069,3,3
4070,3,3
4071,1,1
4072,3,3
4073,3,3
4074,2,2
4075,3,3
4076,0,0
4077,0,0
4078,2,2
4079,2,2
4080,0,0
4081,3,3
4082,3,3
4083,3,3
4084,3,3
4085,3,3
4086,3,3
4087,0,0
4088,0,1
4089,2,2
4090,3,3
4091,1,1
4092,1,1
4093,2,2
4094,1,1
4095,0,0
4096,2,2
4097,3,2
4098,2,2
4099,1,1
4100,3,3
4101,2,2
4102,0,3
4103,3,3
4104,0,0
4105,3,3
4106,0,0
4107,3,3
4108,0,0
4109,2,2
4110,2,2
4111,3,3
4112,1,1
4113,1,1
4114,3,3
4115,3,3
4116,2,2
4117,0,0
4118,0,0
4119,2,2
4120,3,3
4121,3,3
4122,3,3
4123,2,2
4124,1,1
4125,1,1
4126,1,1
4127,0,0
4128,2,2
4129,1,1
4130,2,2
4131,3,3
4132,2,2
4133,2,2
4134,0,0
4135,1,1
4136,2,2
4137,0,1
4138,2,3
4139,0,0
4140,3,3
4141,1,1
4142,1,1
4143,0,0
4144,1,1
4145,3,3
4146,0,0
4147,0,0
4148,3,3
4149,2,2
4150,3,0
4151,2,2
4152,3,3
4153,3,3
4154,0,0
4155,0,0
4156,0,0
4157,2,2
4158,2,2
4159,3,3
4160,2,2
4161,2,2
4162,0,0
4163,3,2
4164,2,2
4165,2,0
4166,2,2
4167,1,1
4168,2,2
4169,0,0
4170,1,1
4171,0,0
4172,2,2
4173,3,3
4174,3,3
4175,1,1
4176,0,0
4177,3,3
4178,0,0
4179,1,1
4180,1,1
4181,2,2
4182,0,0
4183,0,0
4184,3,3
4185,2,2
4186,3,3
4187,3,3
4188,0,0
4189,2,2
4190,1,1
4191,2,2
4192,1,1
4193,1,1
4194,3,3
4195,3,3
4196,1,1
4197,0,0
4198,2,2
4199,1,1
4200,3,0
4201,3,3
4202,1,1
4203,3,3
4204,1,1
4205,2,2
4206,1,1
4207,1,1
4208,0,0
4209,0,0
4210,2,2
4211,0,0
4212,0,0
4213,1,1
4214,2,2
4215,1,1
4216,2,2
4217,0,0
4218,3,3
4219,2,2
4220,1,1
4221,2,2
4222,3,2
4223,2,2
4224,1,1
4225,3,3
4226,3,3
4227,0,0
4228,2,2
4229,0,0
4230,3,3
4231,3,3
4232,3,3
4233,2,2
4234,0,1
4235,2,2
4236,2,2
4237,1,1
4238,1,1
4239,1,1
4240,1,1
4241,2,2
4242,2,2
4243,0,0
4244,3,3
4245,3,3
4246,0,0
4247,0,0
4248,3,3
4249,2,2
4250,0,0
4251,0,0
4252,3,3
4253,2,2
4254,2,2
4255,2,2
4256,2,2
4257,3,3
4258,3,0
4259,3,3
4260,1,1
4261,0,0
4262,0,0
4263,2,2
4264,3,3
4265,1,1
4266,3,3
4267,3,3
4268,3,2
4269,2,2
4270,3,2
4271,1,1
4272,3,2
4273,1,2
4274,1,1
4275,2,0
4276,1,1
4277,3,3
4278,3,3
4279,1,1
4280,1,1
4281,1,1
4282,0,0
4283,1,1
4284,2,2
4285,3,3
4286,0,0
4287,2,2
4288,2,2
4289,2,2
4290,0,0
4291,0,0
4292,2,2
4293,2,2
4294,3,3
4295,0,0
4296,1,1
4297,2,2
4298,1,1
4299,0,0
4300,1,2
4301,1,1
4302,0,1
4303,0,0
4304,2,2
4305,3,3
4306,3,3
4307,0,0
4308,2,2
4309,2,2
4310,2,2
4311,2,2
4312,3,3
4313,0,2
4314,1,1
4315,0,0
4316,3,3
4317,2,2
4318,3,3
4319,3,2
4320,3,3
4321,1,1
4322,3,3
4323,3,2
4324,3,3
4325,0,0
4326,2,3
4327,2,2
4328,1,1
4329,1,1
4330,1,1
4331,0,3
4332,3,3
4333,1,1
4334,0,0
4335,2,2
4336,0,0
4337,2,2
4338,0,0
4339,0,0
4340,2,2
4341,1,1
4342,3,3
4343,1,1
4344,0,0
4345,1,1
4346,3,3
4347,1,1
4348,1,1
4349,2,2
4350,1,1
4351,3,3
4352,1,1
4353,0,0
4354,2,2
4355,1,1
4356,2,2
4357,0,0
4358,0,0
4359,2,3
4360,0,0
4361,1,1
4362,1,1
4363,2,2
4364,1,1
4365,2,0
4366,2,2
4367,1,1
4368,1,1
4369,3,3
4370,1,1
4371,0,2
4372,0,0
4373,1,1
4374,0,0
4375,0,0
4376,0,0
4377,1,1
4378,0,0
4379,1,1
4380,0,0
4381,3,3
4382,3,3
4383,2,2
4384,1,1
4385,0,0
4386,0,0
4387,1,1
4388,2,2
4389,0,0
4390,2,2
4391,1,1
4392,2,2
4393,1,1
4394,2,2
4395,3,3
4396,0,3
4397,1,1
4398,0,0
4399,0,0
4400,2,2
4401,0,0
4402,2,2
4403,0,0
4404,1,1
4405,1,1
4406,0,0
4407,1,1
4408,2,2
4409,0,0
4410,1,1
4411,1,1
4412,2,2
4413,2,2
4414,0,0
4415,0,0
4416,0,0
4417,0,0
4418,1,1
4419,0,0
4420,1,1
4421,1,1
4422,0,0
4423,0,0
4424,1,1
4425,0,0
4426,0,0
4427,1,1
4428,1,1
4429,1,1
4430,0,0
4431,1,1
4432,1,1
4433,1,1
4434,1,0
4435,2,2
4436,2,2
4437,2,2
4438,1,1
4439,0,0
4440,2,1
4441,3,2
4442,3,3
4443,1,1
4444,0,0
4445,1,1
4446,1,1
4447,0,0
4448,2,2
4449,1,1
4450,1,1
4451,3,2
4452,0,0
4453,0,0
4454,1,1
4455,0,0
4456,0,0
4457,1,1
4458,1,1
4459,0,0
4460,1,1
4461,1,0
4462,0,0
4463,0,0
4464,3,3
4465,1,1
4466,0,0
4467,3,3
4468,0,0
4469,0,0
4470,3,3
4471,0,0
4472,2,2
4473,2,2
4474,2,2
4475,1,1
4476,1,1
4477,2,2
4478,2,2
4479,2,2
4480,3,3
4481,0,2
4482,3,3
4483,3,3
4484,0,0
4485,0,0
4486,2,2
4487,2,2
4488,3,3
4489,3,3
4490,2,2
4491,3,3
4492,1,1
4493,3,3
4494,3,3
4495,0,0
4496,2,2
4497,0,0
4498,3,3
4499,3,3
4500,1,1
4501,2,2
4502,3,3
4503,3,3
4504,2,2
4505,1,1
4506,3,3
4507,3,3
4508,2,3
4509,1,1
4510,2,2
4511,1,1
4512,0,0
4513,1,1
4514,3,3
4515,3,3
4516,1,1
4517,2,2
4518,2,2
4519,0,0
4520,0,0
4521,2,2
4522,1,1
4523,2,2
4524,1,1
4525,3,3
4526,1,1
4527,3,3
4528,0,0
4529,1,1
4530,0,2
4531,2,2
4532,1,1
4533,2,2
4534,0,0
4535,1,0
4536,2,2
4537,1,1
4538,0,0
4539,1,1
4540,1,0
4541,0,0
4542,2,2
4543,1,1
4544,0,0
4545,0,0
4546,3,3
4547,3,3
4548,0,0
4549,0,1
4550,3,2
4551,3,2
4552,2,2
4553,3,3
4554,2,2
4555,3,3
4556,2,2
4557,3,3
4558,0,0
4559,3,3
4560,2,2
4561,0,0
4562,2,2
4563,0,0
4564,3,2
4565,2,2
4566,2,2
4567,0,2
4568,2,2
4569,3,0
4570,0,0
4571,2,3
4572,2,2
4573,1,1
4574,0,0
4575,0,0
4576,3,3
4577,0,0
4578,0,0
4579,2,2
4580,2,3
4581,1,1
4582,3,3
4583,1,0
4584,3,2
4585,3,3
4586,1,0
4587,2,2
4588,3,3
4589,0,0
4590,0,0
4591,2,3
4592,2,2
4593,3,3
4594,3,3
4595,1,1
4596,3,3
4597,3,3
4598,0,0
4599,2,2
4600,3,3
4601,1,1
4602,0,0
4603,2,2
4604,3,3
4605,3,3
4606,1,1
4607,0,0
4608,3,3
4609,3,3
4610,3,3
4611,2,2
4612,0,0
4613,2,2
4614,1,1
4615,1,1
4616,0,0
4617,3,3
4618,2,2
4619,1,1
4620,0,0
4621,0,0
4622,3,2
4623,3,3
4624,0,0
4625,1,1
4626,1,1
4627,2,2
4628,1,1
4629,2,2
4630,1,1
4631,1,1
4632,1,1
4633,2,2
4634,1,1
4635,2,2
4636,1,1
4637,0,0
4638,2,2
4639,0,0
4640,1,1
4641,3,3
4642,0,0
4643,3,3
4644,0,0
4645,2,2
4646,1,1
4647,0,0
4648,3,3
4649,1,1
4650,0,2
4651,0,0
4652,2,2
4653,2,2
4654,0,0
4655,3,3
4656,0,0
4657,0,0
4658,1,1
4659,1,1
4660,1,1
4661,2,2
4662,3,3
4663,3,3
4664,0,0
4665,3,3
4666,0,0
4667,2,2
4668,0,0
4669,0,1
4670,2,2
4671,3,3
4672,0,0
4673,2,2
4674,3,3
4675,0,0
4676,3,3
4677,0,3
4678,3,3
4679,0,0
4680,2,1
4681,2,3
4682,3,3
4683,0,0
4684,2,0
4685,2,2
4686,2,2
4687,2,3
4688,2,2
4689,2,3
4690,1,1
4691,2,3
4692,0,0
4693,1,1
4694,3,3
4695,1,1
4696,1,1
4697,0,0
4698,1,1
4699,0,0
4700,0,0
4701,3,3
4702,1,1
4703,2,2
4704,3,3
4705,1,1
4706,3,3
4707,1,1
4708,0,0
4709,0,0
4710,1,1
4711,0,0
4712,0,0
4713,2,2
4714,3,3
4715,0,0
4716,0,0
4717,2,2
4718,0,0
4719,2,2
4720,0,3
4721,3,3
4722,2,2
4723,1,1
4724,1,1
4725,1,1
4726,0,0
4727,2,2
4728,1,1
4729,1,1
4730,1,1
4731,1,1
4732,1,1
4733,1,1
4734,0,1
4735,2,2
4736,0,0
4737,3,0
4738,3,0
4739,2,2
4740,3,3
4741,3,3
4742,3,3
4743,1,1
4744,3,3
4745,1,1
4746,2,2
4747,1,1
4748,0,0
4749,3,3
4750,2,2
4751,2,2
4752,0,0
4753,2,2
4754,3,3
4755,1,1
4756,2,2
4757,0,0
4758,2,2
4759,2,2
4760,3,3
4761,0,0
4762,3,3
4763,3,3
4764,0,0
4765,2,2
4766,2,3
4767,3,3
4768,2,2
4769,2,2
4770,1,1
4771,3,0
4772,1,1
4773,2,3
4774,0,0
4775,3,3
4776,3,3
4777,1,1
4778,3,3
4779,3,3
4780,1,1
4781,1,1
4782,2,1
4783,2,3
4784,3,3
4785,1,1
4786,1,1
4787,3,3
4788,0,0
4789,3,2
4790,0,0
4791,3,3
4792,3,3
4793,3,3
4794,2,2
4795,2,2
4796,3,3
4797,0,0
4798,2,2
4799,0,0
4800,0,0
4801,3,3
4802,0,0
4803,3,3
4804,0,0
4805,1,1
4806,3,3
4807,2,2
4808,1,1
4809,1,1
4810,2,2
4811,0,0
4812,0,0
4813,0,0
4814,0,0
4815,3,1
4816,0,0
4817,1,1
4818,3,3
4819,1,1
4820,0,0
4821,0,0
4822,2,2
4823,1,1
4824,2,1
4825,1,1
4826,3,3
4827,1,1
4828,2,2
4829,3,3
4830,1,1
4831,3,3
4832,2,2
4833,1,1
4834,0,0
4835,2,3
4836,2,2
4837,2,2
4838,0,0
4839,2,2
4840,2,2
4841,0,0
4842,1,1
4843,0,0
4844,3,3
4845,1,1
4846,0,2
4847,3,3
4848,1,1
4849,2,2
4850,3,2
4851,1,1
4852,0,0
4853,3,3
4854,1,0
4855,3,3
4856,2,2
4857,3,3
4858,0,0
4859,0,0
4860,3,3
4861,0,0
4862,2,3
4863,0,0
4864,2,2
4865,2,2
4866,3,3
4867,3,3
4868,1,1
4869,3,3
4870,3,3
4871,0,0
4872,3,3
4873,0,0
4874,0,0
4875,1,1
4876,1,1
4877,3,3
4878,1,1
4879,1,1
4880,0,2
4881,0,0
4882,1,1
4883,3,3
4884,1,1
4885,3,3
4886,0,0
4887,1,1
4888,3,3
4889,1,1
4890,0,0
4891,3,3
4892,1,1
4893,0,0
4894,1,1
4895,1,1
4896,1,1
4897,0,0
4898,3,3
4899,1,1
4900,0,0
4901,1,1
4902,2,2
4903,1,1
4904,3,3
4905,1,1
4906,2,2
4907,1,1
4908,2,2
4909,0,0
4910,0,0
4911,1,1
4912,1,0
4913,1,1
4914,1,1
4915,3,3
4916,2,0
4917,3,3
4918,0,0
4919,1,1
4920,1,1
4921,3,3
4922,0,0
4923,0,0
4924,0,0
4925,1,1
4926,0,0
4927,1,1
4928,3,3
4929,2,1
4930,1,1
4931,2,1
4932,3,3
4933,1,0
4934,2,2
4935,1,1
4936,3,3
4937,0,0
4938,1,1
4939,0,0
4940,2,3
4941,2,2
4942,3,3
4943,2,2
4944,3,3
4945,0,1
4946,1,1
4947,3,3
4948,0,0
4949,3,3
4950,2,2
4951,1,1
4952,2,2
4953,1,1
4954,1,1
4955,2,2
4956,1,1
4957,3,3
4958,3,3
4959,2,2
4960,3,3
4961,2,2
4962,2,2
4963,2,2
4964,1,1
4965,3,3
4966,2,2
4967,0,0
4968,1,1
4969,2,2
4970,1,1
4971,0,0
4972,2,2
4973,1,1
4974,1,1
4975,2,2
4976,2,2
4977,1,1
4978,3,3
4979,2,2
4980,2,2
4981,2,2
4982,0,2
4983,3,3
4984,2,2
4985,1,1
4986,2,2
4987,2,2
4988,3,3
4989,2,2
4990,0,0
4991,2,2
4992,0,0
4993,1,1
4994,2,2
4995,1,1
4996,1,1
4997,0,0
4998,1,1
4999,2,2
5000,2,2
5001,2,3
5002,1,1
5003,3,3
5004,2,2
5005,1,1
5006,3,3
5007,2,2
5008,0,0
5009,1,2
5010,0,0
5011,0,0
5012,0,0
5013,3,2
5014,0,0
5015,1,1
5016,1,1
5017,1,1
5018,2,2
5019,2,2
5020,2,3
5021,1,1
5022,1,1
5023,3,3
5024,1,0
5025,2,2
5026,1,1
5027,1,1
5028,2,2
5029,1,1
5030,1,1
5031,2,2
5032,2,2
5033,0,0
5034,2,2
5035,2,2
5036,3,3
5037,1,1
5038,3,3
5039,0,0
5040,2,2
5041,0,0
5042,0,0
5043,3,3
5044,2,2
5045,3,1
5046,1,1
5047,2,2
5048,3,3
5049,1,1
5050,2,2
5051,2,3
5052,1,1
5053,3,3
5054,2,2
5055,0,0
5056,3,3
5057,1,1
5058,1,1
5059,2,2
5060,3,2
5061,1,1
5062,2,2
5063,2,2
5064,2,3
5065,3,3
5066,1,1
5067,2,0
5068,0,0
5069,0,0
5070,2,2
5071,1,1
5072,3,3
5073,1,1
5074,2,2
5075,2,2
5076,2,2
5077,2,2
5078,0,0
5079,1,1
5080,3,3
5081,3,3
5082,0,0
5083,2,0
5084,2,2
5085,1,1
5086,0,0
5087,2,2
5088,3,3
5089,0,0
5090,2,2
5091,3,3
5092,2,2
5093,3,3
5094,3,3
5095,1,1
5096,0,0
5097,1,1
5098,1,1
5099,1,1
5100,3,3
5101,3,3
5102,2,2
5103,3,3
5104,1,1
5105,2,2
5106,2,2
5107,0,0
5108,2,2
5109,2,2
5110,1,1
5111,3,3
5112,0,0
5113,2,2
5114,3,0
5115,3,3
5116,0,0
5117,2,2
5118,0,0
5119,2,2
5120,1,1
5121,0,0
5122,0,0
5123,3,3
5124,0,0
5125,0,0
5126,2,2
5127,3,0
5128,0,1
5129,2,3
5130,3,3
5131,3,3
5132,3,3
5133,2,2
5134,3,3
5135,3,3
5136,3,3
5137,2,2
5138,3,3
5139,3,3
5140,3,3
5141,3,3
5142,0,0
5143,2,2
5144,3,3
5145,3,0
5146,2,2
5147,3,3
5148,3,3
5149,2,2
5150,0,0
5151,3,2
5152,3,0
5153,2,2
5154,3,3
5155,0,0
5156,0,0
5157,1,1
5158,2,2
5159,3,3
5160,2,2
5161,3,3
5162,2,2
5163,0,0
5164,0,0
5165,2,2
5166,3,3
5167,3,3
5168,1,1
5169,0,3
5170,3,3
5171,3,3
5172,2,2
5173,2,2
5174,0,0
5175,2,2
5176,2,2
5177,3,3
5178,1,1
5179,3,3
5180,3,0
5181,3,3
5182,3,3
5183,1,1
5184,0,1
5185,3,2
5186,3,3
5187,3,3
5188,0,0
5189,3,3
5190,3,3
5191,0,0
5192,3,2
5193,0,1
5194,1,1
5195,1,1
5196,3,3
5197,2,2
5198,1,1
5199,2,2
5200,1,1
5201,0,0
5202,1,1
5203,0,0
5204,2,2
5205,1,1
5206,0,0
5207,0,0
5208,0,0
5209,1,1
5210,1,1
5211,1,1
5212,1,1
5213,1,1
5214,1,1
5215,1,1
5216,2,2
5217,2,0
5218,1,1
5219,0,0
5220,1,1
5221,0,0
5222,2,3
5223,2,2
5224,2,2
5225,2,2
5226,1,1
5227,0,0
5228,1,1
5229,1,1
5230,0,0
5231,0,0
5232,2,2
5233,3,2
5234,1,1
5235,0,0
5236,0,0
5237,0,0
5238,3,3
5239,1,2
5240,1,1
5241,1,1
5242,1,1
5243,0,0
5244,2,0
5245,0,0
5246,0,0
5247,0,0
5248,1,1
5249,0,0
5250,0,0
5251,0,0
5252,2,2
5253,1,1
5254,0,0
5255,0,0
5256,0,0
5257,0,0
5258,2,2
5259,2,2
5260,3,0
5261,1,1
5262,1,1
5263,0,0
5264,3,3
5265,3,2
5266,2,2
5267,1,1
5268,1,1
5269,1,1
5270,2,2
5271,0,0
5272,0,0
5273,2,2
5274,0,0
5275,3,3
5276,0,0
5277,2,2
5278,1,1
5279,1,1
5280,2,2
5281,2,2
5282,2,2
5283,2,2
5284,1,1
5285,2,3
5286,0,0
5287,0,0
5288,3,3
5289,1,1
5290,1,1
5291,0,0
5292,2,2
5293,3,2
5294,1,1
5295,2,0
5296,0,0
5297,3,3
5298,3,3
5299,2,2
5300,2,2
5301,2,2
5302,2,2
5303,2,2
5304,0,0
5305,3,3
5306,3,3
5307,3,3
5308,2,2
5309,2,2
5310,0,0
5311,3,3
5312,3,3
5313,2,2
5314,2,2
5315,2,2
5316,2,2
5317,3,2
5318,3,3
5319,1,1
5320,0,0
5321,2,2
5322,3,0
5323,3,3
5324,3,3
5325,3,2
5326,3,3
5327,1,1
5328,3,2
5329,3,2
5330,3,3
5331,3,3
5332,1,1
5333,2,2
5334,1,1
5335,2,2
5336,2,2
5337,0,2
5338,3,3
5339,3,3
5340,3,3
5341,3,3
5342,3,3
5343,2,2
5344,2,2
5345,3,3
5346,2,2
5347,3,3
5348,1,1
5349,0,0
5350,2,2
5351,3,3
5352,1,1
5353,2,2
5354,3,3
5355,1,1
5356,0,0
5357,3,0
5358,0,0
5359,0,0
5360,0,0
5361,3,3
5362,1,1
5363,2,2
5364,2,2
5365,2,2
5366,2,2
5367,3,3
5368,1,1
5369,0,0
5370,2,2
5371,2,2
5372,3,3
5373,3,1
5374,2,2
5375,2,2
5376,3,0
5377,1,1
5378,0,0
5379,0,2
5380,2,0
5381,2,2
5382,3,3
5383,0,0
5384,0,1
5385,3,3
5386,3,3
5387,3,3
5388,3,3
5389,1,1
5390,3,3
5391,3,3
5392,2,2
5393,3,3
5394,3,3
5395,3,3
5396,2,2
5397,3,3
5398,3,3
5399,2,2
5400,1,1
5401,1,1
5402,3,0
5403,2,2
5404,2,2
5405,2,2
5406,1,1
5407,1,1
5408,3,3
5409,3,3
5410,3,2
5411,3,3
5412,0,0
5413,2,3
5414,3,3
5415,0,0
5416,3,3
5417,3,3
5418,2,2
5419,2,2
5420,0,0
5421,3,3
5422,3,3
5423,2,2
5424,1,1
5425,1,1
5426,2,2
5427,3,3
5428,3,3
5429,0,0
5430,1,1
5431,2,3
5432,2,2
5433,2,3
5434,3,3
5435,3,3
5436,3,3
5437,1,1
5438,3,3
5439,3,2
5440,0,0
5441,0,0
5442,3,3
5443,1,1
5444,0,0
5445,0,0
5446,3,3
5447,2,2
5448,2,2
5449,1,1
5450,2,2
5451,0,0
5452,3,3
5453,3,3
5454,0,0
5455,3,3
5456,1,1
5457,3,3
5458,1,1
5459,1,1
5460,2,2
5461,3,3
5462,3,3
5463,0,0
5464,3,3
5465,2,2
5466,3,3
5467,1,1
5468,3,3
5469,3,3
5470,2,3
5471,0,0
5472,2,2
5473,1,1
5474,2,2
5475,2,3
5476,2,2
5477,3,3
5478,1,1
5479,2,3
5480,3,3
5481,2,2
5482,3,3
5483,2,2
5484,1,1
5485,3,3
5486,3,3
5487,0,0
5488,0,0
5489,2,2
5490,1,1
5491,1,1
5492,2,2
5493,2,2
5494,1,1
5495,2,2
5496,1,1
5497,0,0
5498,2,2
5499,1,1
5500,0,0
5501,2,2
5502,2,2
5503,1,1
5504,2,2
5505,2,2
5506,2,2
5507,1,1
5508,3,3
5509,1,1
5510,0,0
5511,3,3
5512,3,3
5513,0,0
5514,3,3
5515,3,3
5516,0,0
5517,0,0
5518,2,2
5519,2,2
5520,0,0
5521,0,0
5522,1,1
5523,2,2
5524,2,2
5525,3,3
5526,3,3
5527,0,0
5528,2,2
5529,1,1
5530,2,2
5531,3,3
5532,2,3
5533,3,3
5534,0,0
5535,2,2
5536,1,1
5537,3,0
5538,1,1
5539,0,0
5540,2,2
5541,2,2
5542,2,2
5543,1,1
5544,0,0
5545,3,3
5546,3,3
5547,1,1
5548,2,2
5549,0,0
5550,0,0
5551,3,3
5552,1,1
5553,0,0
5554,2,2
5555,3,3
5556,3,3
5557,1,1
5558,3,3
5559,2,2
5560,1,1
5561,0,0
5562,2,2
5563,1,1
5564,0,0
5565,3,3
5566,0,0
5567,3,2
5568,0,0
5569,1,1
5570,1,1
5571,1,1
5572,1,1
5573,2,2
5574,2,2
5575,0,0
5576,1,1
5577,1,1
5578,0,0
5579,0,0
5580,2,2
5581,3,3
5582,2,2
5583,1,1
5584,0,0
5585,1,1
5586,2,2
5587,3,3
5588,0,2
5589,0,0
5590,2,2
5591,2,2
5592,2,0
5593,2,2
5594,1,1
5595,0,0
5596,0,0
5597,0,2
5598,3,3
5599,1,1
5600,2,2
5601,2,3
5602,2,0
5603,3,3
5604,3,3
5605,3,3
5606,1,1
5607,0,0
5608,0,0
5609,3,1
5610,0,0
5611,3,3
5612,0,0
5613,0,1
5614,0,2
5615,0,0
5616,3,3
5617,0,0
5618,2,2
5619,3,3
5620,3,3
5621,2,2
5622,3,3
5623,2,2
5624,1,1
5625,3,0
5626,3,3
5627,3,3
5628,2,2
5629,3,3
5630,0,0
5631,1,1
5632,0,0
5633,0,0
5634,3,0
5635,2,2
5636,1,1
5637,0,0
5638,2,2
5639,3,3
5640,2,3
5641,0,0
5642,0,0
5643,1,1
5644,0,0
5645,1,1
5646,0,0
5647,0,0
5648,1,1
5649,0,0
5650,2,2
5651,3,3
5652,3,3
5653,1,1
5654,1,1
5655,0,0
5656,1,1
5657,2,2
5658,1,1
5659,3,3
5660,0,0
5661,1,1
5662,3,3
5663,1,1
5664,1,1
5665,1,1
5666,2,0
5667,3,3
5668,1,1
5669,1,1
5670,1,1
5671,1,1
5672,0,0
5673,1,1
5674,2,0
5675,1,1
5676,1,1
5677,1,1
5678,2,2
5679,1,1
5680,1,1
5681,3,3
5682,0,0
5683,3,0
5684,3,3
5685,0,2
5686,3,0
5687,3,1
5688,1,1
5689,0,0
5690,2,3
5691,3,3
5692,1,2
5693,1,1
5694,1,1
5695,0,0
5696,1,1
5697,3,3
5698,3,3
5699,1,1
5700,0,0
5701,2,2
5702,1,1
5703,0,0
5704,3,3
5705,1,1
5706,1,1
5707,1,1
5708,2,2
5709,1,1
5710,0,0
5711,0,0
5712,1,1
5713,1,1
5714,1,1
5715,0,0
5716,0,0
5717,0,0
5718,3,3
5719,3,3
5720,1,1
5721,1,1
5722,0,0
5723,1,1
5724,1,1
5725,0,0
5726,0,0
5727,3,3
5728,1,1
5729,2,2
5730,3,3
5731,1,1
5732,0,0
5733,3,3
5734,1,2
5735,1,1
5736,3,3
5737,3,3
5738,3,1
5739,2,2
5740,0,2
5741,2,2
5742,3,3
5743,0,0
5744,0,0
5745,1,1
5746,0,0
5747,3,3
5748,2,3
5749,1,1
5750,2,2
5751,2,2
5752,3,3
5753,3,3
5754,3,3
5755,2,2
5756,2,2
5757,3,3
5758,2,3
5759,3,3
5760,2,2
5761,1,1
5762,3,3
5763,2,2
5764,1,1
5765,1,1
5766,2,2
5767,3,3
5768,3,3
5769,3,2
5770,0,0
5771,2,2
5772,3,3
5773,2,3
5774,3,3
5775,2,2
5776,2,2
5777,2,2
5778,0,0
5779,3,3
5780,0,0
5781,1,1
5782,3,3
5783,3,3
5784,1,0
5785,2,2
5786,0,0
5787,3,3
5788,3,3
5789,1,1
5790,1,1
5791,2,2
5792,3,3
5793,3,3
5794,3,3
5795,0,0
5796,0,0
5797,0,3
5798,1,1
5799,0,0
5800,3,3
5801,1,1
5802,1,1
5803,1,1
5804,2,2
5805,0,0
5806,0,0
5807,2,2
5808,0,0
5809,0,0
5810,3,3
5811,1,1
5812,0,0
5813,2,2
5814,2,2
5815,0,0
5816,3,3
5817,1,1
5818,0,0
5819,3,3
5820,1,1
5821,1,1
5822,0,0
5823,0,0
5824,0,0
5825,3,3
5826,3,3
5827,0,0
5828,2,2
5829,3,3
5830,2,3
5831,3,3
5832,1,1
5833,0,0
5834,2,2
5835,2,2
5836,2,2
5837,2,2
5838,1,1
5839,2,3
5840,2,2
5841,1,1
5842,2,2
5843,2,2
5844,1,1
5845,3,2
5846,3,3
5847,3,3
5848,3,3
5849,3,3
5850,2,2
5851,2,2
5852,3,3
5853,3,3
5854,3,3
5855,0,0
5856,2,2
5857,3,3
5858,3,3
5859,1,1
5860,3,3
5861,3,3
5862,2,3
5863,3,3
5864,3,3
5865,2,2
5866,3,3
5867,2,2
5868,3,3
5869,2,2
5870,0,0
5871,2,3
5872,1,1
5873,0,1
5874,0,0
5875,3,3
5876,3,3
5877,1,1
5878,0,0
5879,0,0
5880,3,3
5881,1,1
5882,1,1
5883,2,2
5884,0,2
5885,0,0
5886,0,2
5887,1,1
5888,0,0
5889,0,0
5890,3,3
5891,0,0
5892,0,1
5893,2,2
5894,0,0
5895,3,3
5896,3,3
5897,0,0
5898,1,1
5899,3,3
5900,2,0
5901,2,3
5902,3,0
5903,3,3
5904,1,2
5905,1,1
5906,3,3
5907,2,2
5908,1,1
5909,0,0
5910,0,0
5911,3,3
5912,3,3
5913,0,0
5914,1,1
5915,2,2
5916,0,2
5917,3,3
5918,3,3
5919,2,2
5920,0,0
5921,2,2
5922,0,0
5923,2,2
5924,3,3
5925,2,2
5926,3,3
5927,0,0
5928,0,0
5929,0,3
5930,3,3
5931,3,3
5932,2,2
5933,2,2
5934,2,2
5935,0,3
5936,2,3
5937,2,0
5938,0,0
5939,0,0
5940,2,2
5941,0,1
5942,2,2
5943,2,2
5944,3,3
5945,0,0
5946,2,2
5947,3,3
5948,1,1
5949,1,1
5950,2,2
5951,0,0
5952,2,2
5953,0,0
5954,1,1
5955,2,3
5956,0,0
5957,1,1
5958,0,0
5959,1,1
5960,3,3
5961,0,0
5962,2,2
5963,1,1
5964,3,3
5965,0,0
5966,1,1
5967,1,1
5968,3,3
5969,2,2
5970,1,1
5971,2,2
5972,0,0
5973,0,3
5974,0,0
5975,1,1
5976,1,1
5977,1,1
5978,2,2
5979,2,2
5980,1,1
5981,0,2
5982,0,0
5983,3,3
5984,0,0
5985,0,0
5986,2,2
5987,2,2
5988,3,3
5989,0,0
5990,1,1
5991,0,0
5992,0,0
5993,0,0
5994,2,2
5995,2,2
5996,2,2
5997,1,1
5998,2,2
5999,1,1
6000,2,2
6001,2,2
6002,0,0
6003,3,3
6004,1,3
6005,2,2
6006,2,0
6007,1,3
6008,3,3
6009,3,3
6010,2,2
6011,3,3
6012,0,0
6013,2,2
6014,3,3
6015,2,2
6016,3,3
6017,3,3
6018,3,3
6019,1,1
6020,3,3
6021,2,2
6022,2,3
6023,2,2
6024,2,2
6025,2,2
6026,3,3
6027,2,2
6028,2,2
6029,1,1
6030,3,2
6031,3,3
6032,0,0
6033,1,1
6034,3,3
6035,3,3
6036,3,3
6037,2,2
6038,3,3
6039,1,1
6040,1,1
6041,0,0
6042,2,2
6043,2,2
6044,0,0
6045,0,0
6046,0,0
6047,0,0
6048,0,0
6049,2,3
6050,2,2
6051,2,2
6052,1,1
6053,2,2
6054,2,2
6055,3,2
6056,1,1
6057,1,1
6058,0,2
6059,3,3
6060,1,1
6061,0,0
6062,3,3
6063,3,3
6064,2,2
6065,0,0
6066,2,2
6067,2,0
6068,3,2
6069,2,2
6070,2,2
6071,3,3
6072,2,0
6073,1,1
6074,2,2
6075,0,0
6076,1,1
6077,1,1
6078,3,3
6079,2,2
6080,3,3
6081,3,3
6082,3,3
6083,2,2
6084,2,3
6085,3,3
6086,3,3
6087,1,1
6088,3,2
6089,0,1
6090,1,1
6091,2,2
6092,1,1
6093,0,1
6094,3,3
6095,3,3
6096,2,2
6097,3,3
6098,0,0
6099,0,0
6100,2,3
6101,2,2
6102,1,1
6103,2,2
6104,2,2
6105,2,2
6106,1,1
6107,0,0
6108,0,0
6109,2,2
6110,3,3
6111,1,1
6112,3,3
6113,2,2
6114,0,0
6115,3,3
6116,2,2
6117,2,2
6118,1,1
6119,0,0
6120,0,0
6121,1,1
6122,2,2
6123,0,0
6124,2,2
6125,3,3
6126,3,3
6127,1,1
6128,1,1
6129,3,3
6130,0,0
6131,2,2
6132,3,3
6133,0,1
6134,0,0
6135,1,1
6136,0,0
6137,2,3
6138,2,1
6139,3,3
6140,3,0
6141,3,3
6142,2,2
6143,0,0
6144,3,3
6145,0,3
6146,1,1
6147,1,1
6148,1,1
6149,0,0
6150,0,1
6151,1,1
6152,1,1
6153,1,1
6154,3,3
6155,1,1
6156,1,1
6157,1,1
6158,0,0
6159,0,0
6160,0,0
6161,2,0
6162,1,1
6163,1,1
6164,1,1
6165,2,2
6166,0,0
6167,3,3
6168,3,0
6169,2,2
6170,1,1
6171,1,1
6172,1,1
6173,2,2
6174,1,1
6175,0,0
6176,0,0
6177,0,0
6178,1,1
6179,1,1
6180,2,2
6181,2,2
6182,1,1
6183,2,2
6184,1,1
6185,2,1
6186,1,1
6187,1,1
6188,1,1
6189,0,0
6190,1,1
6191,0,0
6192,2,2
6193,2,2
6194,1,1
6195,1,1
6196,2,2
6197,0,0
6198,1,1
6199,1,1
6200,3,3
6201,1,1
6202,0,0
6203,2,2
6204,0,0
6205,0,0
6206,0,0
6207,2,2
6208,2,3
6209,1,1
6210,0,0
6211,0,0
6212,0,0
6213,0,0
6214,1,1
6215,0,0
6216,2,2
6217,1,1
6218,0,1
6219,3,3
6220,3,3
6221,0,0
6222,2,2
6223,1,1
6224,2,2
6225,1,1
6226,2,3
6227,1,1
6228,0,0
6229,2,2
6230,2,2
6231,3,3
6232,1,1
6233,0,0
6234,2,3
6235,2,2
6236,1,1
6237,1,1
6238,0,0
6239,0,0
6240,3,3
6241,2,3
6242,2,2
6243,2,2
6244,2,2
6245,2,2
6246,3,3
6247,3,2
6248,2,2
6249,2,2
6250,3,3
6251,0,0
6252,0,0
6253,0,0
6254,0,0
6255,0,0
6256,2,2
6257,1,1
6258,2,2
6259,3,3
6260,3,2
6261,3,3
6262,3,3
6263,0,0
6264,1,1
6265,2,2
6266,0,0
6267,2,1
6268,3,3
6269,3,3
6270,1,1
6271,2,2
6272,2,2
6273,2,2
6274,3,3
6275,3,3
6276,2,3
6277,1,1
6278,3,2
6279,1,1
6280,3,2
6281,0,0
6282,3,2
6283,2,2
6284,2,2
6285,2,2
6286,0,0
6287,3,3
6288,3,2
6289,1,1
6290,2,2
6291,2,2
6292,0,0
6293,2,3
6294,3,3
6295,1,1
6296,2,2
6297,3,3
6298,1,1
6299,3,3
6300,2,2
6301,1,1
6302,1,1
6303,1,1
6304,1,1
6305,0,0
6306,3,3
6307,1,1
6308,0,0
6309,3,3
6310,2,2
6311,3,3
6312,3,3
6313,3,2
6314,3,3
6315,3,3
6316,0,0
6317,3,3
6318,3,3
6319,1,3
6320,3,2
6321,0,0
6322,3,2
6323,3,3
6324,0,0
6325,3,0
6326,1,1
6327,0,3
6328,1,1
6329,1,1
6330,1,1
6331,1,1
6332,0,0
6333,1,1
6334,0,0
6335,2,2
6336,2,2
6337,0,0
6338,0,0
6339,0,0
6340,1,1
6341,0,0
6342,2,2
6343,0,0
6344,3,3
6345,2,2
6346,3,3
6347,2,2
6348,2,2
6349,2,2
6350,3,3
6351,3,3
6352,0,0
6353,0,0
6354,2,2
6355,3,3
6356,1,1
6357,2,2
6358,1,1
6359,2,2
6360,1,1
6361,0,0
6362,2,3
6363,2,2
6364,2,2
6365,3,3
6366,1,1
6367,1,1
6368,3,3
6369,2,0
6370,3,3
6371,3,1
6372,3,3
6373,2,2
6374,1,1
6375,1,1
6376,1,1
6377,0,0
6378,2,2
6379,2,2
6380,2,0
6381,2,2
6382,2,2
6383,0,0
6384,0,0
6385,2,2
6386,0,0
6387,1,1
6388,3,3
6389,3,3
6390,1,1
6391,3,0
6392,0,0
6393,3,3
6394,0,0
6395,1,1
6396,1,1
6397,2,2
6398,2,2
6399,1,1
6400,3,3
6401,0,0
6402,1,1
6403,0,0
6404,1,1
6405,1,1
6406,2,2
6407,1,1
6408,1,1
6409,1,1
6410,3,3
6411,1,1
6412,0,0
6413,0,0
6414,0,0
6415,2,2
6416,0,0
6417,0,0
6418,0,0
6419,1,1
6420,0,0
6421,1,1
6422,1,1
6423,1,1
6424,1,1
6425,1,1
6426,1,1
6427,2,2
6428,1,1
6429,0,0
6430,0,0
6431,1,1
6432,0,0
6433,1,1
6434,0,0
6435,2,2
6436,3,3
6437,2,2
6438,2,1
6439,2,2
6440,3,3
6441,0,0
6442,2,2
6443,0,0
6444,1,1
6445,2,2
6446,3,0
6447,0,0
6448,0,0
6449,0,0
6450,3,3
6451,0,0
6452,1,1
6453,3,3
6454,2,2
6455,1,1
6456,0,0
6457,2,2
6458,2,2
6459,1,1
6460,2,2
6461,2,2
6462,2,3
6463,3,3
6464,2,2
6465,0,0
6466,3,3
6467,0,0
6468,0,0
6469,2,2
6470,1,1
6471,1,1
6472,1,1
6473,0,0
6474,3,3
6475,2,2
6476,2,2
6477,2,2
6478,1,1
6479,0,0
6480,0,0
6481,0,0
6482,1,1
6483,0,0
6484,2,2
6485,3,3
6486,1,1
6487,0,0
6488,0,0
6489,0,0
6490,1,1
6491,2,3
6492,3,3
6493,2,2
6494,1,1
6495,1,1
6496,3,3
6497,0,0
6498,1,1
6499,1,1
6500,3,0
6501,0,0
6502,1,1
6503,2,2
6504,3,3
6505,1,1
6506,3,3
6507,1,1
6508,2,2
6509,0,2
6510,2,1
6511,2,2
6512,0,3
6513,3,1
6514,0,0
6515,1,1
6516,0,0
6517,0,0
6518,0,0
6519,1,1
6520,1,1
6521,2,2
6522,1,1
6523,0,0
6524,2,2
6525,1,1
6526,0,0
6527,1,1
6528,1,1
6529,1,1
6530,1,1
6531,3,3
6532,2,2
6533,1,1
6534,1,1
6535,2,2
6536,1,1
6537,1,1
6538,1,1
6539,3,2
6540,2,2
6541,1,1
6542,2,3
6543,0,0
6544,0,0
6545,0,0
6546,1,1
6547,1,1
6548,1,1
6549,0,0
6550,1,1
6551,0,0
6552,3,3
6553,1,1
6554,2,2
6555,2,2
6556,0,0
6557,3,3
6558,3,3
6559,0,0
6560,3,3
6561,2,2
6562,3,1
6563,3,1
6564,0,0
6565,2,3
6566,2,2
6567,3,3
6568,3,3
6569,1,1
6570,1,1
6571,3,3
6572,2,3
6573,1,1
6574,2,3
6575,3,3
6576,0,3
6577,1,2
6578,0,0
6579,0,0
6580,0,0
6581,3,3
6582,2,2
6583,2,2
6584,1,1
6585,2,2
6586,2,2
6587,0,1
6588,0,0
6589,3,2
6590,1,1
6591,2,2
6592,2,3
6593,2,2
6594,3,3
6595,0,0
6596,2,0
6597,0,1
6598,2,2
6599,3,3
6600,1,1
6601,1,1
6602,0,0
6603,1,1
6604,3,3
6605,2,2
6606,1,1
6607,0,0
6608,1,1
6609,1,1
6610,3,3
6611,1,1
6612,2,2
6613,3,3
6614,3,3
6615,0,0
6616,1,1
6617,3,3
6618,0,0
6619,0,0
6620,1,1
6621,2,2
6622,1,1
6623,2,2
6624,1,1
6625,0,0
6626,0,0
6627,1,1
6628,1,1
6629,2,2
6630,2,2
6631,1,1
6632,0,0
6633,0,0
6634,2,3
6635,2,2
6636,2,2
6637,2,2
6638,0,0
6639,2,2
6640,0,0
6641,2,2
6642,3,3
6643,0,0
6644,2,2
6645,1,1
6646,2,2
6647,3,3
6648,3,3
6649,3,3
6650,0,0
6651,3,3
6652,1,1
6653,3,3
6654,1,1
6655,3,3
6656,3,3
6657,1,1
6658,0,0
6659,3,3
6660,1,1
6661,2,2
6662,0,0
6663,2,2
6664,1,1
6665,2,2
6666,2,2
6667,0,0
6668,1,1
6669,0,2
6670,3,3
6671,2,2
6672,3,3
6673,3,3
6674,2,3
6675,1,1
6676,1,1
6677,2,2
6678,0,0
6679,3,3
6680,2,2
6681,1,1
6682,0,3
6683,2,2
6684,1,1
6685,3,3
6686,3,3
6687,1,1
6688,1,1
6689,0,0
6690,2,2
6691,2,2
6692,1,1
6693,2,2
6694,2,2
6695,2,2
6696,1,1
6697,0,0
6698,0,0
6699,0,0
6700,0,0
6701,3,3
6702,2,2
6703,1,1
6704,0,0
6705,2,2
6706,3,3
6707,2,2
6708,3,3
6709,1,1
6710,0,3
6711,2,3
6712,2,2
6713,2,2
6714,3,3
6715,0,0
6716,0,0
6717,3,3
6718,0,3
6719,3,3
6720,3,3
6721,2,2
6722,1,1
6723,3,3
6724,2,2
6725,2,2
6726,2,2
6727,1,1
6728,2,2
6729,2,2
6730,3,3
6731,3,3
6732,1,1
6733,0,0
6734,0,2
6735,1,1
6736,1,1
6737,2,2
6738,0,0
6739,2,3
6740,1,1
6741,1,1
6742,2,2
6743,0,0
6744,0,0
6745,0,0
6746,1,1
6747,1,2
6748,2,3
6749,1,1
6750,3,3
6751,2,2
6752,3,3
6753,3,3
6754,1,1
6755,3,3
6756,0,0
6757,3,3
6758,3,3
6759,3,3
6760,3,3
6761,3,3
6762,3,3
6763,3,3
6764,3,3
6765,3,3
6766,0,2
6767,2,2
6768,3,3
6769,1,1
6770,0,0
6771,0,0
6772,3,3
6773,3,3
6774,3,3
6775,1,1
6776,0,0
6777,0,0
6778,2,2
6779,3,3
6780,3,3
6781,3,3
6782,3,3
6783,3,3
6784,2,2
6785,3,3
6786,1,1
6787,3,3
6788,1,1
6789,2,2
6790,2,2
6791,2,2
6792,0,0
6793,2,2
6794,0,3
6795,0,0
6796,2,2
6797,2,2
6798,1,1
6799,1,1
6800,3,0
6801,3,3
6802,1,1
6803,0,0
6804,0,0
6805,0,0
6806,2,2
6807,3,3
6808,3,3
6809,3,3
6810,2,2
6811,1,1
6812,0,0
6813,3,3
6814,2,2
6815,3,3
6816,0,0
6817,2,2
6818,0,0
6819,2,2
6820,3,3
6821,3,2
6822,1,1
6823,3,3
6824,0,0
6825,1,1
6826,2,2
6827,2,2
6828,3,3
6829,2,2
6830,1,1
6831,3,2
6832,0,0
6833,0,0
6834,3,2
6835,3,3
6836,2,2
6837,0,0
6838,3,3
6839,0,0
6840,3,3
6841,3,3
6842,3,3
6843,3,3
6844,3,3
6845,2,2
6846,2,0
6847,2,3
6848,2,2
6849,2,2
6850,2,2
6851,0,0
6852,0,0
6853,2,2
6854,0,0
6855,0,0
6856,0,1
6857,1,1
6858,1,1
6859,1,1
6860,2,1
6861,1,1
6862,2,2
6863,1,1
6864,3,3
6865,3,3
6866,3,3
6867,2,2
6868,2,2
6869,1,1
6870,3,3
6871,1,1
6872,1,1
6873,3,3
6874,1,1
6875,1,1
6876,1,1
6877,2,2
6878,2,2
6879,0,2
6880,0,0
6881,1,1
6882,1,1
6883,1,1
6884,1,1
6885,0,0
6886,0,0
6887,2,3
6888,1,1
6889,1,1
6890,1,1
6891,0,0
6892,1,1
6893,2,0
6894,0,0
6895,0,0
6896,0,0
6897,1,1
6898,3,1
6899,0,0
6900,2,2
6901,1,1
6902,0,0
6903,3,3
6904,3,3
6905,2,2
6906,2,2
6907,1,1
6908,3,3
6909,1,1
6910,3,2
6911,3,0
6912,3,3
6913,0,0
6914,0,2
6915,1,1
6916,2,2
6917,2,2
6918,1,1
6919,0,0
6920,2,3
6921,2,2
6922,1,1
6923,1,1
6924,1,1
6925,2,2
6926,3,3
6927,1,1
6928,1,1
6929,0,0
6930,1,1
6931,2,2
6932,1,1
6933,1,1
6934,2,2
6935,0,0
6936,3,2
6937,2,2
6938,2,2
6939,1,1
6940,2,2
6941,1,1
6942,0,0
6943,3,3
6944,1,1
6945,0,0
6946,0,0
6947,2,2
6948,0,0
6949,0,0
6950,2,2
6951,3,0
6952,0,0
6953,3,3
6954,2,2
6955,1,1
6956,3,3
6957,3,3
6958,3,3
6959,2,2
6960,0,0
6961,2,2
6962,0,0
6963,1,1
6964,0,0
6965,0,2
6966,2,2
6967,0,0
6968,3,3
6969,2,2
6970,2,2
6971,3,3
6972,3,3
6973,0,2
6974,2,2
6975,3,3
6976,0,0
6977,1,1
6978,1,1
6979,1,1
6980,2,2
6981,2,3
6982,2,2
6983,0,0
6984,3,3
6985,0,0
6986,2,2
6987,0,3
6988,1,1
6989,2,2
6990,0,0
6991,3,3
6992,3,2
6993,2,2
6994,1,1
6995,1,1
6996,2,2
6997,2,2
6998,0,0
6999,3,3
7000,3,3
7001,2,2
7002,3,3
7003,3,3
7004,3,3
7005,2,2
7006,1,1
7007,1,1
7008,2,2
7009,1,1
7010,1,1
7011,1,1
7012,1,1
7013,2,3
7014,3,3
7015,3,3
7016,1,1
7017,0,3
7018,0,0
7019,1,1
7020,2,2
7021,0,0
7022,0,0
7023,3,3
7024,0,0
7025,0,3
7026,2,2
7027,3,3
7028,2,2
7029,0,0
7030,2,1
7031,3,1
7032,0,0
7033,2,2
7034,0,0
7035,3,3
7036,3,3
7037,0,0
7038,3,3
7039,2,2
7040,3,3
7041,0,0
7042,2,2
7043,2,2
7044,3,3
7045,2,2
7046,2,3
7047,1,1
7048,3,3
7049,3,3
7050,2,2
7051,2,3
7052,3,3
7053,0,0
7054,3,3
7055,3,3
7056,2,2
7057,2,2
7058,0,0
7059,3,3
7060,3,3
7061,2,3
7062,3,3
7063,0,0
7064,1,1
7065,0,0
7066,1,1
7067,3,3
7068,3,3
7069,1,1
7070,2,2
7071,0,0
7072,1,1
7073,0,2
7074,2,2
7075,2,2
7076,0,0
7077,0,0
7078,1,1
7079,0,0
7080,2,2
7081,2,2
7082,2,2
7083,3,3
7084,3,3
7085,1,1
7086,0,0
7087,0,0
7088,1,1
7089,3,3
7090,1,1
7091,0,0
7092,3,3
7093,3,3
7094,1,1
7095,1,1
7096,3,3
7097,3,3
7098,2,2
7099,0,0
7100,2,2
7101,0,0
7102,3,3
7103,2,2
7104,2,2
7105,1,1
7106,2,2
7107,1,1
7108,2,3
7109,2,2
7110,0,0
7111,3,3
7112,3,3
7113,1,1
7114,2,2
7115,2,3
7116,2,2
7117,2,2
7118,0,0
7119,2,2
7120,3,3
7121,2,2
7122,3,2
7123,1,1
7124,2,2
7125,3,3
7126,3,3
7127,1,1
7128,1,1
7129,3,3
7130,2,2
7131,2,2
7132,0,0
7133,0,0
7134,2,2
7135,2,2
7136,3,3
7137,0,0
7138,1,1
7139,3,3
7140,0,0
7141,1,1
7142,1,1
7143,1,1
7144,0,0
7145,0,0
7146,2,3
7147,3,3
7148,3,2
7149,1,1
7150,1,1
7151,1,1
7152,1,1
7153,1,1
7154,3,3
7155,1,1
7156,1,1
7157,3,3
7158,2,2
7159,0,0
7160,1,1
7161,1,1
7162,1,1
7163,0,0
7164,1,1
7165,1,1
7166,1,1
7167,0,0
7168,1,1
7169,1,1
7170,0,0
7171,0,0
7172,0,0
7173,2,2
7174,1,1
7175,1,1
7176,0,0
7177,3,3
7178,0,0
7179,0,0
7180,0,0
7181,2,2
7182,1,1
7183,1,1
7184,1,1
7185,1,1
7186,1,1
7187,0,0
7188,1,1
7189,2,2
7190,1,1
7191,1,1
7192,1,1
7193,1,1
7194,3,3
7195,0,0
7196,1,1
7197,0,0
7198,0,0
7199,1,1
7200,0,0
7201,1,1
7202,3,3
7203,0,0
7204,2,2
7205,3,3
7206,3,3
7207,3,3
7208,0,0
7209,2,2
7210,2,2
7211,1,1
7212,1,1
7213,1,1
7214,2,2
7215,3,1
7216,2,2
7217,2,2
7218,1,1
7219,0,1
7220,0,1
7221,1,1
7222,1,3
7223,2,2
7224,0,0
7225,0,0
7226,0,0
7227,2,2
7228,2,0
7229,0,0
7230,2,2
7231,3,3
7232,1,1
7233,2,2
7234,1,1
7235,1,1
7236,2,2
7237,0,0
7238,0,1
7239,0,3
7240,2,3
7241,2,3
7242,2,2
7243,1,1
7244,0,0
7245,0,0
7246,3,3
7247,3,3
7248,0,0
7249,2,2
7250,2,2
7251,2,2
7252,0,0
7253,0,0
7254,1,1
7255,3,3
7256,0,0
7257,0,0
7258,2,2
7259,2,2
7260,3,3
7261,1,1
7262,3,3
7263,2,1
7264,0,0
7265,2,2
7266,2,2
7267,0,0
7268,3,2
7269,1,1
7270,3,3
7271,3,3
7272,3,3
7273,3,3
7274,3,3
7275,3,3
7276,1,1
7277,0,0
7278,1,1
7279,1,1
7280,0,0
7281,1,1
7282,2,2
7283,1,1
7284,0,0
7285,0,0
7286,2,2
7287,1,1
7288,1,1
7289,1,1
7290,2,3
7291,3,3
7292,0,0
7293,3,3
7294,2,2
7295,0,0
7296,3,3
7297,3,3
7298,1,1
7299,0,0
7300,2,2
7301,2,2
7302,3,3
7303,2,2
7304,3,3
7305,3,3
7306,3,2
7307,3,3
7308,1,1
7309,2,2
7310,1,1
7311,3,3
7312,0,0
7313,0,0
7314,0,0
7315,1,1
7316,1,1
7317,1,1
7318,2,2
7319,3,3
7320,0,0
7321,2,2
7322,3,2
7323,3,3
7324,3,3
7325,3,3
7326,1,1
7327,0,0
7328,2,2
7329,2,3
7330,2,2
7331,0,0
7332,3,2
7333,2,2
7334,2,2
7335,3,3
7336,0,0
7337,2,2
7338,3,3
7339,2,2
7340,3,3
7341,0,0
7342,1,1
7343,1,1
7344,0,0
7345,1,1
7346,3,3
7347,1,1
7348,3,3
7349,2,2
7350,1,1
7351,2,2
7352,1,1
7353,0,0
7354,1,1
7355,1,1
7356,0,0
7357,0,0
7358,3,3
7359,1,1
7360,3,3
7361,2,2
7362,0,0
7363,0,0
7364,0,0
7365,3,3
7366,3,3
7367,1,1
7368,0,0
7369,2,0
7370,2,2
7371,0,0
7372,3,3
7373,1,1
7374,3,3
7375,0,0
7376,2,2
7377,2,2
7378,3,3
7379,1,1
7380,1,1
7381,1,1
7382,0,0
7383,1,1
7384,1,1
7385,0,0
7386,2,2
7387,2,2
7388,3,3
7389,3,2
7390,0,0
7391,2,2
7392,3,3
7393,3,3
7394,1,1
7395,1,1
7396,0,0
7397,1,1
7398,3,3
7399,0,0
7400,2,2
7401,3,3
7402,1,1
7403,1,1
7404,2,2
7405,2,2
7406,3,3
7407,0,0
7408,0,3
7409,3,3
7410,3,3
7411,3,3
7412,3,3
7413,2,0
7414,1,1
7415,2,2
7416,3,3
7417,3,3
7418,3,2
7419,0,0
7420,2,2
7421,3,2
7422,2,2
7423,1,1
7424,1,1
7425,2,2
7426,3,3
7427,3,3
7428,1,1
7429,3,3
7430,2,2
7431,2,2
7432,1,1
7433,1,1
7434,1,1
7435,1,1
7436,0,0
7437,3,3
7438,2,2
7439,3,3
7440,3,3
7441,2,2
7442,1,1
7443,0,0
7444,2,2
7445,1,1
7446,2,0
7447,1,1
7448,2,2
7449,2,2
7450,2,2
7451,2,2
7452,2,2
7453,3,3
7454,1,1
7455,2,2
7456,3,3
7457,1,1
7458,0,0
7459,0,2
7460,0,0
7461,3,3
7462,2,2
7463,2,2
7464,2,2
7465,2,2
7466,3,3
7467,0,1
7468,2,2
7469,3,3
7470,2,3
7471,0,1
7472,3,3
7473,0,0
7474,0,0
7475,1,1
7476,0,0
7477,0,0
7478,3,3
7479,1,1
7480,2,2
7481,3,1
7482,0,0
7483,0,0
7484,1,2
7485,3,3
7486,1,1
7487,1,1
7488,2,2
7489,1,1
7490,0,0
7491,3,3
7492,2,3
7493,3,3
7494,3,3
7495,0,0
7496,2,2
7497,3,3
7498,3,3
7499,3,3
7500,1,1
7501,2,2
7502,0,0
7503,2,2
7504,3,3
7505,0,3
7506,1,1
7507,2,2
7508,2,2
7509,0,0
7510,0,0
7511,2,2
7512,0,0
7513,3,3
7514,3,3
7515,2,2
7516,0,0
7517,1,1
7518,3,3
7519,0,0
7520,3,3
7521,3,3
7522,3,2
7523,2,2
7524,2,2
7525,1,1
7526,0,0
7527,3,3
7528,1,1
7529,0,0
7530,2,2
7531,1,1
7532,1,1
7533,0,0
7534,0,0
7535,2,2
7536,0,0
7537,2,2
7538,0,0
7539,0,3
7540,0,0
7541,3,3
7542,3,2
7543,2,2
7544,0,0
7545,0,0
7546,3,3
7547,2,2
7548,2,2
7549,2,2
7550,1,0
7551,1,1
7552,0,0
7553,2,2
7554,2,2
7555,2,2
7556,2,2
7557,2,2
7558,2,2
7559,3,3
7560,0,0
7561,2,2
7562,1,1
7563,1,1
7564,2,2
7565,3,3
7566,3,3
7567,3,3
7568,0,0
7569,3,3
7570,0,0
7571,1,1
7572,1,1
7573,3,3
7574,3,3
7575,1,1
7576,1,1
7577,1,1
7578,0,0
7579,2,2
7580,1,1
7581,2,2
7582,3,3
7583,1,1
7584,1,1
7585,0,2
7586,1,1
7587,3,3
7588,3,3
7589,1,1
7590,1,1
7591,0,0
7592,0,0
7593,1,1
7594,0,0
7595,0,0
7596,1,1
7597,1,1
7598,2,0
7599,2,3
