model,method,category,total,evaluated,correct,coverage,accuracy
sgns,three_cos_add,capital-common-countries,506,462,152,0.9130434782608695,0.329004329004329
sgns,three_cos_add,capital-world,4524,1250,238,0.27630415561450045,0.1904
sgns,three_cos_add,currency,866,70,0,0.08083140877598152,0.0
sgns,three_cos_add,city-in-state,2467,1746,269,0.7077421970004053,0.15406643757159222
sgns,three_cos_add,family,506,342,163,0.6758893280632411,0.4766081871345029
sgns,three_cos_add,gram1-adjective-to-adverb,992,812,37,0.8185483870967742,0.04556650246305419
sgns,three_cos_add,gram2-opposite,812,306,20,0.3768472906403941,0.06535947712418301
sgns,three_cos_add,gram3-comparative,1332,1260,443,0.9459459459459459,0.3515873015873016
sgns,three_cos_add,gram4-superlative,1122,702,137,0.6256684491978609,0.19515669515669515
sgns,three_cos_add,gram5-present-participle,1056,870,207,0.8238636363636364,0.23793103448275862
sgns,three_cos_add,gram6-nationality-adjective,1599,1299,810,0.8123827392120075,0.6235565819861432
sgns,three_cos_add,gram7-past-tense,1560,1482,592,0.95,0.39946018893387314
sgns,three_cos_add,gram8-plural,1332,870,250,0.6531531531531531,0.28735632183908044
sgns,three_cos_add,gram9-plural-verbs,870,756,135,0.8689655172413793,0.17857142857142858
sgns,three_cos_mul,capital-common-countries,506,462,144,0.9130434782608695,0.3116883116883117
sgns,three_cos_mul,capital-world,4524,1250,224,0.27630415561450045,0.1792
sgns,three_cos_mul,currency,866,70,0,0.08083140877598152,0.0
sgns,three_cos_mul,city-in-state,2467,1746,242,0.7077421970004053,0.13860252004581902
sgns,three_cos_mul,family,506,342,159,0.6758893280632411,0.4649122807017544
sgns,three_cos_mul,gram1-adjective-to-adverb,992,812,31,0.8185483870967742,0.038177339901477834
sgns,three_cos_mul,gram2-opposite,812,306,12,0.3768472906403941,0.0392156862745098
sgns,three_cos_mul,gram3-comparative,1332,1260,398,0.9459459459459459,0.31587301587301586
sgns,three_cos_mul,gram4-superlative,1122,702,143,0.6256684491978609,0.2037037037037037
sgns,three_cos_mul,gram5-present-participle,1056,870,169,0.8238636363636364,0.19425287356321838
sgns,three_cos_mul,gram6-nationality-adjective,1599,1299,812,0.8123827392120075,0.6250962278675904
sgns,three_cos_mul,gram7-past-tense,1560,1482,531,0.95,0.3582995951417004
sgns,three_cos_mul,gram8-plural,1332,870,208,0.6531531531531531,0.23908045977011494
sgns,three_cos_mul,gram9-plural-verbs,870,756,126,0.8689655172413793,0.16666666666666666
gensim,three_cos_add,capital-common-countries,506,462,162,0.9130434782608695,0.35064935064935066
gensim,three_cos_add,capital-world,4524,1250,249,0.27630415561450045,0.1992
gensim,three_cos_add,currency,866,70,0,0.08083140877598152,0.0
gensim,three_cos_add,city-in-state,2467,1746,291,0.7077421970004053,0.16666666666666666
gensim,three_cos_add,family,506,342,160,0.6758893280632411,0.4678362573099415
gensim,three_cos_add,gram1-adjective-to-adverb,992,812,46,0.8185483870967742,0.05665024630541872
gensim,three_cos_add,gram2-opposite,812,306,20,0.3768472906403941,0.06535947712418301
gensim,three_cos_add,gram3-comparative,1332,1260,460,0.9459459459459459,0.36507936507936506
gensim,three_cos_add,gram4-superlative,1122,702,136,0.6256684491978609,0.19373219373219372
gensim,three_cos_add,gram5-present-participle,1056,870,197,0.8238636363636364,0.2264367816091954
gensim,three_cos_add,gram6-nationality-adjective,1599,1299,797,0.8123827392120075,0.613548883756736
gensim,three_cos_add,gram7-past-tense,1560,1482,629,0.95,0.4244264507422402
gensim,three_cos_add,gram8-plural,1332,870,248,0.6531531531531531,0.2850574712643678
gensim,three_cos_add,gram9-plural-verbs,870,756,127,0.8689655172413793,0.167989417989418
gensim,three_cos_mul,capital-common-countries,506,462,158,0.9130434782608695,0.341991341991342
gensim,three_cos_mul,capital-world,4524,1250,239,0.27630415561450045,0.1912
gensim,three_cos_mul,currency,866,70,0,0.08083140877598152,0.0
gensim,three_cos_mul,city-in-state,2467,1746,257,0.7077421970004053,0.14719358533791524
gensim,three_cos_mul,family,506,342,151,0.6758893280632411,0.4415204678362573
gensim,three_cos_mul,gram1-adjective-to-adverb,992,812,38,0.8185483870967742,0.046798029556650245
gensim,three_cos_mul,gram2-opposite,812,306,10,0.3768472906403941,0.032679738562091505
gensim,three_cos_mul,gram3-comparative,1332,1260,432,0.9459459459459459,0.34285714285714286
gensim,three_cos_mul,gram4-superlative,1122,702,138,0.6256684491978609,0.19658119658119658
gensim,three_cos_mul,gram5-present-participle,1056,870,160,0.8238636363636364,0.1839080459770115
gensim,three_cos_mul,gram6-nationality-adjective,1599,1299,781,0.8123827392120075,0.6012317167051578
gensim,three_cos_mul,gram7-past-tense,1560,1482,573,0.95,0.3866396761133603
gensim,three_cos_mul,gram8-plural,1332,870,215,0.6531531531531531,0.2471264367816092
gensim,three_cos_mul,gram9-plural-verbs,870,756,124,0.8689655172413793,0.164021164021164
glove,three_cos_add,capital-common-countries,506,462,436,0.9130434782608695,0.9437229437229437
glove,three_cos_add,capital-world,4524,1250,1093,0.27630415561450045,0.8744
glove,three_cos_add,currency,866,70,4,0.08083140877598152,0.05714285714285714
glove,three_cos_add,city-in-state,2467,1746,501,0.7077421970004053,0.2869415807560137
glove,three_cos_add,family,506,342,302,0.6758893280632411,0.8830409356725146
glove,three_cos_add,gram1-adjective-to-adverb,992,812,228,0.8185483870967742,0.28078817733990147
glove,three_cos_add,gram2-opposite,812,306,88,0.3768472906403941,0.2875816993464052
glove,three_cos_add,gram3-comparative,1332,1260,1013,0.9459459459459459,0.803968253968254
glove,three_cos_add,gram4-superlative,1122,702,430,0.6256684491978609,0.6125356125356125
glove,three_cos_add,gram5-present-participle,1056,870,636,0.8238636363636364,0.7310344827586207
glove,three_cos_add,gram6-nationality-adjective,1599,1299,1264,0.8123827392120075,0.9730561970746728
glove,three_cos_add,gram7-past-tense,1560,1482,829,0.95,0.5593792172739541
glove,three_cos_add,gram8-plural,1332,870,688,0.6531531531531531,0.7908045977011494
glove,three_cos_add,gram9-plural-verbs,870,756,442,0.8689655172413793,0.5846560846560847
glove,three_cos_mul,capital-common-countries,506,462,427,0.9130434782608695,0.9242424242424242
glove,three_cos_mul,capital-world,4524,1250,1047,0.27630415561450045,0.8376
glove,three_cos_mul,currency,866,70,6,0.08083140877598152,0.08571428571428572
glove,three_cos_mul,city-in-state,2467,1746,438,0.7077421970004053,0.2508591065292096
glove,three_cos_mul,family,506,342,299,0.6758893280632411,0.8742690058479532
glove,three_cos_mul,gram1-adjective-to-adverb,992,812,229,0.8185483870967742,0.28201970443349755
glove,three_cos_mul,gram2-opposite,812,306,76,0.3768472906403941,0.24836601307189543
glove,three_cos_mul,gram3-comparative,1332,1260,983,0.9459459459459459,0.7801587301587302
glove,three_cos_mul,gram4-superlative,1122,702,438,0.6256684491978609,0.6239316239316239
glove,three_cos_mul,gram5-present-participle,1056,870,628,0.8238636363636364,0.7218390804597701
glove,three_cos_mul,gram6-nationality-adjective,1599,1299,1245,0.8123827392120075,0.9584295612009238
glove,three_cos_mul,gram7-past-tense,1560,1482,795,0.95,0.5364372469635628
glove,three_cos_mul,gram8-plural,1332,870,651,0.6531531531531531,0.7482758620689656
glove,three_cos_mul,gram9-plural-verbs,870,756,458,0.8689655172413793,0.6058201058201058
