model,variant,fraction,train_examples,val_f1,best_epoch,seconds,parameters,trainable_parameters,accuracy,precision_macro,recall_macro,f1_macro
tfidf,tfidf,0.01,1080,0.8258870939980993,10,3.6014391069998055,31372,31372,0.8201315789473684,0.8191586265041702,0.8201315789473684,0.8193904049987826
random,random,0.01,1080,0.31252613436153426,3,1.0169617050000852,426644,426644,0.4630263157894737,0.2383562863427645,0.46302631578947373,0.31202872320697095
sgns,sgns_finetune,0.01,1080,0.7196342857087206,4,0.2318587100003242,426644,426644,0.7228947368421053,0.7710139684831895,0.7228947368421053,0.7189007933237316
gensim,gensim_finetune,0.01,1080,0.808573292171321,8,0.39317795999977534,426644,426644,0.8072368421052631,0.8137492638330645,0.8072368421052633,0.8067866340416188
glove,glove_finetune,0.01,1080,0.6665252954647508,3,0.1766694349998943,426644,426644,0.6684210526315789,0.6925531613222291,0.6684210526315789,0.6673447281700003
tfidf,tfidf,0.1,10800,0.9017147412468833,10,10.458909736999885,262512,262512,0.8931578947368422,0.892681195843719,0.8931578947368422,0.8927666333051392
random,random,0.1,10800,0.8946173580631934,10,1.147115918000054,1633444,1633444,0.8876315789473684,0.8874622292208469,0.8876315789473685,0.8874811642411078
sgns,sgns_finetune,0.1,10800,0.8936462011824142,10,1.289661532000082,1633444,1633444,0.8921052631578947,0.8918905106359297,0.8921052631578948,0.8919098175419465
gensim,gensim_finetune,0.1,10800,0.8942397433792355,10,1.096129142999871,1633444,1633444,0.8905263157894737,0.8904165229936969,0.8905263157894736,0.8903114088664286
glove,glove_finetune,0.1,10800,0.8931077095542255,10,1.0852664019998883,1633444,1633444,0.8925,0.8923299382541936,0.8925000000000001,0.8922830035153777
tfidf,tfidf,0.5,54000,0.9217199526416965,2,24.224457642999823,400004,400004,0.9138157894736842,0.9138278027139815,0.9138157894736842,0.9136293874920463
random,random,0.5,54000,0.917017600178273,4,2.3524707420001505,3340244,3340244,0.9163157894736842,0.916181510384409,0.9163157894736842,0.9161617884687268
sgns,sgns_finetune,0.5,54000,0.9186195588771582,5,2.8037305889997697,3340244,3340244,0.9153947368421053,0.9152300622773779,0.9153947368421053,0.9152680729059651
gensim,gensim_finetune,0.5,54000,0.9192723968713652,5,3.335733743000219,3340244,3340244,0.915921052631579,0.9158175689520873,0.915921052631579,0.91580102964758
glove,glove_finetune,0.5,54000,0.9201213103563124,7,3.61593165100021,3340244,3340244,0.9152631578947369,0.9153305539845298,0.9152631578947368,0.9152277911096567
tfidf,tfidf,1.0,108000,0.921787894887558,1,43.543900159999794,400004,400004,0.9163157894736842,0.9161777198491414,0.9163157894736843,0.9160989843126918
random,random,1.0,108000,0.9259149949571601,4,4.945078166999792,4383644,4383644,0.9210526315789473,0.9211312982744916,0.9210526315789473,0.9209909973408446
sgns,sgns_finetune,1.0,108000,0.9263128712647879,4,5.156821087000026,4383644,4383644,0.9210526315789473,0.9212262322658782,0.9210526315789473,0.9210111654114854
gensim,gensim_finetune,1.0,108000,0.9268838346329125,4,5.516693035000117,4383644,4383644,0.9203947368421053,0.9206247464242668,0.9203947368421053,0.9203478400182971
glove,glove_finetune,1.0,108000,0.9273881574598002,6,6.624500680000438,4383644,4383644,0.920921052631579,0.9208998723027186,0.920921052631579,0.9208254080594978
