configuration,epoch,dimension,window,negatives,fraction,tokens,vocabulary,loss,pairs,retained_tokens,seconds,gpu_bytes,wordsim,semantic,syntactic,accuracy,coverage
base100,1,100,5,5,1.0,20000727,72216,2.26290303449353,99965588,10599920,153.634409679,99451904,0.559000264751474,0.07845366685616828,0.11179292647551044,0.10239564137488984,0.6386103151862464
base100,2,100,5,5,1.0,20000727,72216,2.1965353150270563,99959844,10599281,154.10491729900002,99353600,0.6106564482623007,0.18447981807845368,0.2161106772286065,0.20719493630318084,0.6386103151862464
base100,3,100,5,5,1.0,20000727,72216,2.240121163518487,99955606,10598758,154.88443711600007,99353600,0.6460918470920142,0.22399090392268334,0.2974450518799509,0.276740645781588,0.6386103151862464
dim50,1,50,5,5,1.0,20000727,72216,2.2659585688479993,99965588,10599920,154.50798439100004,58051584,0.5555294834093749,0.058271745309835137,0.09014838781657927,0.08116336831984616,0.6386103151862464
dim50,2,50,5,5,1.0,20000727,72216,2.209135725587667,99959844,10599281,151.0149983660001,58051584,0.5746419057302952,0.14155770324047753,0.16255717951578713,0.1566380898966429,0.6386103151862464
dim50,3,50,5,5,1.0,20000727,72216,2.2604805286779794,99955606,10598758,152.35910873199987,58051584,0.6242241562590728,0.17055144968732233,0.24612294990516567,0.22482172902812275,0.6386103151862464
dim300,1,300,5,5,1.0,20000727,72216,2.262764876273071,99965588,10599920,152.22372592599993,254683136,0.5507756080045931,0.06992609437180217,0.10052437799843802,0.09189968752503806,0.6386103151862464
dim300,2,300,5,5,1.0,20000727,72216,2.187427890222446,99959844,10599281,149.12472620899996,254683136,0.6039337223205717,0.1716884593519045,0.2177842240321321,0.20479128274977967,0.6386103151862464
dim300,3,300,5,5,1.0,20000727,72216,2.218220887013628,99955606,10598758,148.051349038,254683136,0.6351923490119684,0.21091529277998863,0.29688720294544235,0.27265443474080603,0.6386103151862464
corpus25,1,100,5,5,0.25,5005631,34721,2.4154543307415497,24471476,2598443,31.38759473800019,67296256,0.42402951565260794,0.031836270608300174,0.017739596117371415,0.0217130037657239,0.6386103151862464
corpus25,2,100,5,5,0.25,5005631,34721,2.280036385723624,24461276,2597413,29.9633527389999,67296256,0.4975664827929339,0.07049459920409323,0.05578489345085351,0.0599310952648025,0.6386103151862464
corpus25,3,100,5,5,0.25,5005631,34721,2.3101636112729427,24471340,2598519,31.71105856400004,67296256,0.5332758101324514,0.08584422967595225,0.0777641414704898,0.08004166332825895,0.6386103151862464
corpus50,1,100,5,5,0.5,10007877,50385,2.328200189474805,49624634,5262588,64.48678827800018,80841728,0.48333733351550506,0.0557134735645253,0.054111346647327904,0.05456293566220655,0.6386103151862464
corpus50,2,100,5,5,0.5,10007877,50385,2.2281995747806356,49604378,5260567,63.255774277,80841728,0.5815979215016027,0.10261512222853894,0.13756554724980474,0.12771412547071548,0.6386103151862464
corpus50,3,100,5,5,0.5,10007877,50385,2.2655674823013716,49627238,5262909,63.48471537499995,80841728,0.5915379046338989,0.13928368391131324,0.18520584625683364,0.1722618379937505,0.6386103151862464
window2,1,100,2,5,1.0,20000727,72216,2.3699827935168973,41076894,10599920,54.52084305299991,98239488,0.4736906630333716,0.08783399658897101,0.12685484770724087,0.11585610127393638,0.6386103151862464
window2,2,100,2,5,1.0,20000727,72216,2.1909167249899792,41074216,10599281,54.15264537499979,98239488,0.5406854828026774,0.14951677089255258,0.22202387593439696,0.20158641134524477,0.6386103151862464
window2,3,100,2,5,1.0,20000727,72216,2.1889185811857863,41072458,10598758,53.759313166000084,98239488,0.5734387287375117,0.16742467310972142,0.27301126854847707,0.24324973960419838,0.6386103151862464
negative10,1,100,5,10,1.0,20000727,72216,2.812356333268848,99965588,10599920,198.21212118800008,114869248,0.575446347555176,0.08641273450824331,0.12294990516568113,0.11265122986940149,0.6386103151862464
negative10,2,100,5,10,1.0,20000727,72216,2.736337590977061,99959844,10599281,198.19214392499998,114869248,0.6126540349371479,0.19499715747583854,0.23574695972330692,0.22426087653232915,0.6386103151862464
negative10,3,100,5,10,1.0,20000727,72216,2.7988033478153094,99955606,10598758,197.68831115600005,114869248,0.6460342047798951,0.25326890278567366,0.31897802075198034,0.3004566941751462,0.6386103151862464
