model,word,group,x,y
sgns,hawaii,Geografía y monedas,4.3744707107543945,-25.270965576171875
sgns,granddaughter,Familia,-20.439220428466797,20.608911514282227
sgns,suddenly,Adjetivos,-5.989468574523926,14.487176895141602
sgns,fell,Verbos,5.839766979217529,-8.841190338134766
sgns,colors,Sustantivos,-0.6904366612434387,4.433170318603516
sgns,jakarta,Geografía y monedas,-0.661345362663269,-22.592731475830078
sgns,he,Familia,-13.411123275756836,16.021677017211914
sgns,strange,Adjetivos,-2.2813379764556885,19.758384704589844
sgns,read,Verbos,-0.5233016014099121,26.77492332458496
sgns,machine,Sustantivos,18.158092498779297,9.120598793029785
sgns,honduras,Geografía y monedas,3.1870553493499756,-27.628150939941406
sgns,niece,Familia,-20.16468620300293,19.874826431274414
sgns,lower,Adjetivos,9.264554977416992,3.6311800479888916
sgns,knew,Verbos,1.695302963256836,17.635101318359375
sgns,cats,Sustantivos,-15.134913444519043,-1.7441308498382568
sgns,irving,Geografía y monedas,2.5213816165924072,24.531993865966797
sgns,father,Familia,-20.149808883666992,21.699539184570312
sgns,big,Adjetivos,-0.9194696545600891,22.92449378967285
sgns,went,Verbos,8.345973014831543,-9.590005874633789
sgns,color,Sustantivos,-0.516877293586731,4.432471752166748
sgns,won,Geografía y monedas,8.41182804107666,-7.986602783203125
sgns,grandson,Familia,-22.148582458496094,21.48900032043457
sgns,greatest,Adjetivos,3.0081605911254883,8.866705894470215
sgns,increased,Verbos,13.291561126708984,2.6846306324005127
sgns,cows,Sustantivos,-11.908458709716797,-0.5137481093406677
sgns,ruble,Geografía y monedas,-1.0501397848129272,-14.83862018585205
sgns,wife,Familia,-18.952756881713867,21.224262237548828
sgns,completely,Adjetivos,5.160112380981445,13.307416915893555
sgns,provides,Verbos,18.975555419921875,5.820617198944092
sgns,dogs,Sustantivos,-15.31185531616211,-2.812896490097046
sgns,zagreb,Geografía y monedas,-7.74044132232666,-29.897903442382812
sgns,aunt,Familia,-19.112987518310547,20.053436279296875
sgns,weird,Adjetivos,-0.9932683110237122,21.653179168701172
sgns,increase,Verbos,13.199407577514648,3.3611552715301514
sgns,eagles,Sustantivos,12.066879272460938,-16.530624389648438
sgns,illinois,Geografía y monedas,13.377538681030273,-24.042037963867188
sgns,man,Familia,-12.578913688659668,19.1182918548584
sgns,quietly,Adjetivos,-4.739007949829102,15.563191413879395
sgns,slow,Verbos,10.954094886779785,-1.411592960357666
sgns,mango,Sustantivos,-9.481063842773438,-0.3437819182872772
sgns,amman,Geografía y monedas,-4.1740803718566895,-23.965351104736328
sgns,husband,Familia,-17.824295043945312,20.563232421875
sgns,long,Adjetivos,-5.276515960693359,-2.7693064212799072
sgns,describes,Verbos,5.236739635467529,25.66762924194336
sgns,women,Sustantivos,-16.434947967529297,14.327160835266113
sgns,cyprus,Geografía y monedas,-3.0472073554992676,-29.453617095947266
sgns,prince,Familia,-21.4794921875,18.338655471801758
sgns,low,Adjetivos,9.074893951416016,2.0403380393981934
sgns,knowing,Verbos,2.023350715637207,16.76209259033203
sgns,snake,Sustantivos,-13.775492668151855,1.6950960159301758
sgns,fontana,Geografía y monedas,1.8820276260375977,23.527530670166016
sgns,queen,Familia,-21.0185546875,17.44973373413086
sgns,shorter,Adjetivos,2.304994583129883,0.6338788866996765
sgns,works,Verbos,2.009460687637329,28.649185180664062
sgns,hands,Sustantivos,-6.526784420013428,8.235086441040039
sgns,chicago,Geografía y monedas,16.837692260742188,-23.123327255249023
sgns,uncle,Familia,-21.194955825805664,20.914306640625
sgns,easier,Adjetivos,7.361166477203369,12.585549354553223
sgns,writes,Verbos,3.4133286476135254,26.2392520904541
sgns,cloud,Sustantivos,4.1957550048828125,4.131792068481445
sgns,massachusetts,Geografía y monedas,11.307772636413574,-24.162092208862305
sgns,mother,Familia,-18.067485809326172,21.364856719970703
sgns,convenient,Adjetivos,7.278658866882324,11.54305648803711
sgns,vanished,Verbos,-3.679448127746582,9.446253776550293
sgns,child,Sustantivos,-16.735788345336914,21.572404861450195
sgns,montevideo,Geografía y monedas,1.3358319997787476,-30.051591873168945
sgns,her,Familia,-15.512700080871582,18.330795288085938
sgns,unfortunately,Adjetivos,3.8504199981689453,17.201175689697266
sgns,play,Verbos,15.452117919921875,-11.488459587097168
sgns,dream,Sustantivos,-5.69707727432251,20.23552894592285
sgns,portland,Geografía y monedas,16.60079002380371,-24.245624542236328
sgns,sisters,Familia,-18.414602279663086,23.627397537231445
sgns,rapidly,Adjetivos,13.268486976623535,-1.4379743337631226
sgns,describe,Verbos,6.819118499755859,24.5189151763916
sgns,goats,Sustantivos,-13.128700256347656,-1.1597970724105835
sgns,madrid,Geografía y monedas,0.2757376730442047,-32.34299850463867
sgns,brother,Familia,-21.534088134765625,22.65322494506836
sgns,smallest,Adjetivos,-2.643606662750244,-4.146884918212891
sgns,predicting,Verbos,13.011764526367188,12.098686218261719
sgns,road,Sustantivos,9.209753036499023,-20.311758041381836
sgns,detroit,Geografía y monedas,15.232481002807617,-20.998022079467773
sgns,stepmother,Familia,-18.41970443725586,19.632448196411133
sgns,obvious,Adjetivos,7.05108642578125,15.374438285827637
sgns,flew,Verbos,-6.607253551483154,-16.3555965423584
sgns,birds,Sustantivos,-14.809367179870605,-0.02443677932024002
sgns,akron,Geografía y monedas,13.898642539978027,-21.389183044433594
sgns,daughters,Familia,-18.287208557128906,22.401479721069336
sgns,free,Adjetivos,7.033991813659668,9.214943885803223
sgns,jumped,Verbos,5.758074760437012,-7.056354999542236
sgns,monkey,Sustantivos,-14.784326553344727,1.9407330751419067
sgns,egyptian,Geografía y monedas,-8.581156730651855,-25.161569595336914
sgns,woman,Familia,-13.389058113098145,19.768999099731445
sgns,younger,Adjetivos,-17.921098709106445,25.0637149810791
sgns,predicts,Verbos,11.499720573425293,12.163240432739258
sgns,dreams,Sustantivos,-5.590212345123291,20.207313537597656
sgns,nicaragua,Geografía y monedas,2.981800079345703,-27.094018936157227
sgns,sister,Familia,-19.0107421875,23.514785766601562
sgns,tough,Adjetivos,3.5839529037475586,15.359379768371582
sgns,goes,Verbos,-4.748541831970215,13.02311897277832
sgns,rats,Sustantivos,-15.48785400390625,-1.0663237571716309
sgns,anaheim,Geografía y monedas,16.1626033782959,-19.73286247253418
sgns,policeman,Familia,-8.591046333312988,15.761493682861328
sgns,freely,Adjetivos,7.896028995513916,9.60640811920166
sgns,implements,Verbos,9.824244499206543,7.757017612457275
sgns,fingers,Sustantivos,-6.584647178649902,6.547494411468506
sgns,french,Geografía y monedas,0.03154808282852173,-35.437156677246094
sgns,groom,Familia,-9.267213821411133,14.162205696105957
sgns,immediate,Adjetivos,11.372855186462402,19.46796989440918
sgns,thinking,Verbos,-0.0023399763740599155,18.212480545043945
sgns,clouds,Sustantivos,4.533588886260986,3.7567098140716553
sgns,croatia,Geografía y monedas,-6.769493579864502,-30.10479736328125
sgns,brothers,Familia,-22.137592315673828,23.604772567749023
sgns,unknown,Adjetivos,15.11199951171875,16.484085083007812
sgns,saw,Verbos,8.4232759475708,-10.224912643432617
sgns,men,Sustantivos,-16.427804946899414,14.224339485168457
sgns,syria,Geografía y monedas,-6.665736675262451,-25.868513107299805
sgns,nephew,Familia,-21.932188034057617,20.624135971069336
sgns,apparently,Adjetivos,2.8161168098449707,13.119046211242676
sgns,generated,Verbos,15.385003089904785,4.857608795166016
sgns,elephant,Sustantivos,-15.556221961975098,2.8208065032958984
sgns,brazilian,Geografía y monedas,2.3063125610351562,-34.09040069580078
sgns,she,Familia,-15.338053703308105,18.312593460083008
sgns,inconsistent,Adjetivos,10.565476417541504,15.458895683288574
sgns,speak,Verbos,-5.0629119873046875,24.329877853393555
sgns,dog,Sustantivos,-14.252917289733887,3.5991227626800537
sgns,portuguese,Geografía y monedas,1.197142243385315,-34.743133544921875
sgns,his,Familia,-13.597328186035156,16.075841903686523
sgns,unsure,Adjetivos,2.732262372970581,17.006977081298828
sgns,eat,Verbos,-12.445490837097168,-2.0478854179382324
sgns,eagle,Sustantivos,2.022627592086792,-15.723037719726562
sgns,washington,Geografía y monedas,11.83968448638916,-22.796049118041992
sgns,mom,Familia,-4.232179641723633,19.933998107910156
sgns,rare,Adjetivos,0.5716372728347778,-3.1220738887786865
sgns,predicted,Verbos,13.96187973022461,13.082990646362305
sgns,pig,Sustantivos,-11.96746826171875,1.026404857635498
sgns,slovenia,Geografía y monedas,-5.773250579833984,-29.414846420288086
sgns,daughter,Familia,-19.380233764648438,21.818639755249023
sgns,productive,Adjetivos,2.7424612045288086,-2.8501622676849365
sgns,invent,Verbos,2.804903030395508,18.383689880371094
sgns,rat,Sustantivos,-16.26849937438965,-0.7052584886550903
sgns,kabul,Geografía y monedas,-5.050861358642578,-24.928834915161133
sgns,sons,Familia,-20.658287048339844,23.538698196411133
sgns,professional,Adjetivos,14.278258323669434,-12.635576248168945
sgns,hid,Verbos,-5.141518592834473,10.297884941101074
sgns,mice,Sustantivos,-13.9280424118042,-2.0107147693634033
sgns,ecuador,Geografía y monedas,0.637627899646759,-27.881547927856445
sgns,grandfather,Familia,-21.270977020263672,21.728120803833008
sgns,widest,Adjetivos,-3.47550106048584,-1.3711596727371216
sgns,scream,Verbos,-7.359251022338867,19.450937271118164
sgns,dollar,Sustantivos,1.548640489578247,-14.89323902130127
sgns,netherlands,Geografía y monedas,-1.7502436637878418,-32.71063232421875
sgns,girl,Familia,-12.657729148864746,20.599668502807617
sgns,calmly,Adjetivos,-6.033573150634766,15.708691596984863
sgns,write,Verbos,0.7053959965705872,26.624929428100586
sgns,banana,Sustantivos,-9.383731842041016,-0.9774333238601685
sgns,minneapolis,Geografía y monedas,15.905802726745605,-24.307823181152344
sgns,bride,Familia,-19.02387809753418,18.129100799560547
sgns,cheerful,Adjetivos,-5.43690299987793,18.439956665039062
sgns,coding,Verbos,11.271697044372559,10.736128807067871
sgns,pineapple,Sustantivos,-10.214306831359863,0.5112800002098083
sgns,irish,Geografía y monedas,-0.6428319811820984,-37.32311248779297
sgns,grandmother,Familia,-19.279294967651367,20.59160041809082
sgns,precisely,Adjetivos,10.345657348632812,12.749066352844238
sgns,swim,Verbos,-10.837416648864746,-5.4636640548706055
sgns,machines,Sustantivos,17.352684020996094,9.122694969177246
sgns,russian,Geografía y monedas,-2.6509735584259033,-36.47091293334961
sgns,king,Familia,-22.254196166992188,18.767683029174805
sgns,bigger,Adjetivos,1.3225717544555664,14.425298690795898
sgns,shrank,Verbos,14.202254295349121,1.5619038343429565
sgns,cars,Sustantivos,5.9461846351623535,-3.867694616317749
sgns,kingston,Geografía y monedas,12.506467819213867,-19.29291534423828
sgns,boy,Familia,-12.683473587036133,21.358474731445312
sgns,longer,Adjetivos,2.778182029724121,0.5810213088989258
sgns,work,Verbos,1.8954284191131592,28.38599967956543
sgns,elephants,Sustantivos,-13.419938087463379,-0.7204597592353821
sgns,peru,Geografía y monedas,0.4984201490879059,-29.311782836914062
sgns,stepfather,Familia,-17.57721710205078,19.93091583251953
sgns,bright,Adjetivos,0.7683337330818176,4.530898094177246
sgns,spent,Verbos,3.8611111640930176,-11.002950668334961
sgns,pear,Sustantivos,-9.94943618774414,1.842946171760559
sgns,michigan,Geografía y monedas,14.038393020629883,-23.239526748657227
sgns,son,Familia,-20.6204833984375,22.37736701965332
sgns,acceptable,Adjetivos,9.144286155700684,16.187232971191406
sgns,paying,Verbos,0.7537115216255188,-12.243261337280273
sgns,lion,Sustantivos,-20.690690994262695,15.64013671875
sgns,belize,Geografía y monedas,1.9656132459640503,-27.138561248779297
sgns,dad,Familia,-3.9092235565185547,19.172218322753906
sgns,irresponsible,Adjetivos,3.7913780212402344,19.99040985107422
sgns,discover,Verbos,-2.467222213745117,12.189590454101562
sgns,donkey,Sustantivos,-12.321882247924805,3.647233009338379
sgns,bulgarian,Geografía y monedas,-4.645269393920898,-31.001893997192383
sgns,princess,Familia,-20.576908111572266,17.803974151611328
sgns,efficient,Adjetivos,11.64395523071289,7.036235332489014
sgns,ran,Verbos,10.511924743652344,-8.437029838562012
sgns,horse,Sustantivos,-16.48733139038086,-4.333620548248291
sgns,portugal,Geografía y monedas,-0.83585524559021,-31.664173126220703
sgns,possibly,Adjetivos,14.736658096313477,15.688344955444336
sgns,paid,Verbos,0.645797073841095,-12.255373001098633
sgns,roads,Sustantivos,8.496116638183594,-20.22180938720703
sgns,zambia,Geografía y monedas,-1.4522137641906738,-27.94447135925293
sgns,simplest,Adjetivos,10.373876571655273,11.59600830078125
sgns,decrease,Verbos,12.452408790588379,3.3611743450164795
sgns,mouse,Sustantivos,-16.210046768188477,0.029283294454216957
sgns,ukrainian,Geografía y monedas,-7.056681156158447,-32.35186004638672
sgns,amazing,Adjetivos,-0.22483889758586884,21.781314849853516
sgns,eats,Verbos,-11.649433135986328,-1.61591374874115
sgns,computers,Sustantivos,16.338966369628906,9.69744873046875
sgns,tehran,Geografía y monedas,-4.892497539520264,-25.461153030395508
sgns,sure,Adjetivos,0.5996758937835693,17.721147537231445
sgns,shrinking,Verbos,12.382732391357422,4.556511402130127
sgns,bottle,Sustantivos,-8.940319061279297,6.255681991577148
sgns,mali,Geografía y monedas,-0.1721174418926239,-26.002744674682617
sgns,quick,Adjetivos,10.166007995605469,-3.1120824813842773
sgns,running,Verbos,10.681138038635254,-8.208746910095215
sgns,eyes,Sustantivos,-3.5815117359161377,5.6908979415893555
sgns,lubbock,Geografía y monedas,15.221226692199707,-16.89261817932129
sgns,hotter,Adjetivos,5.42227840423584,3.951195478439331
sgns,hiding,Verbos,-4.991246223449707,10.765380859375
sgns,car,Sustantivos,5.766683578491211,-3.8206233978271484
sgns,tunisia,Geografía y monedas,-2.265225648880005,-25.11475944519043
sgns,usual,Adjetivos,1.3629564046859741,1.6973233222961426
sgns,estimate,Verbos,15.896145820617676,1.652970314025879
sgns,buildings,Sustantivos,6.498044013977051,-18.397314071655273
sgns,indiana,Geografía y monedas,12.848607063293457,-24.30474281311035
sgns,unlikely,Adjetivos,13.572866439819336,15.259730339050293
sgns,selling,Verbos,-1.5044938325881958,-12.451759338378906
sgns,horses,Sustantivos,-16.368762969970703,-4.23887300491333
sgns,ukraine,Geografía y monedas,-4.318004608154297,-29.08447265625
sgns,young,Adjetivos,-15.81628131866455,23.960647583007812
sgns,provide,Verbos,18.868118286132812,5.834944248199463
sgns,dollars,Sustantivos,1.0874955654144287,-14.464380264282227
sgns,bhutan,Geografía y monedas,-3.0087296962738037,-27.825605392456055
sgns,luckily,Adjetivos,-2.7686104774475098,16.499984741210938
sgns,wrote,Verbos,2.8041012287139893,25.8409366607666
sgns,bottles,Sustantivos,-9.572369575500488,4.548450469970703
sgns,azerbaijan,Geografía y monedas,-5.496973991394043,-27.04031753540039
sgns,tall,Adjetivos,-4.519474506378174,-0.3264305591583252
sgns,increasing,Verbos,12.71701717376709,2.5879929065704346
sgns,pigs,Sustantivos,-12.71228313446045,-0.4469548463821411
sgns,stockton,Geografía y monedas,12.800629615783691,-20.611284255981445
sgns,older,Adjetivos,-17.6434268951416,25.4883975982666
sgns,took,Verbos,7.157071113586426,-10.649316787719727
sgns,computer,Sustantivos,16.27703094482422,9.864840507507324
sgns,mexican,Geografía y monedas,3.291172742843628,-32.02692413330078
sgns,aware,Adjetivos,7.193023681640625,19.132061004638672
sgns,screams,Verbos,-6.547576427459717,16.909008026123047
sgns,onion,Sustantivos,-9.29099178314209,2.159510374069214
sgns,worcester,Geografía y monedas,8.914770126342773,-17.89818000793457
sgns,quiet,Adjetivos,-4.83201265335083,16.607786178588867
sgns,danced,Verbos,-8.659329414367676,21.742483139038086
sgns,hand,Sustantivos,-6.587736129760742,7.546712875366211
sgns,tacoma,Geografía y monedas,10.270869255065918,-20.55558967590332
sgns,worst,Adjetivos,3.0894954204559326,9.109896659851074
sgns,sleeping,Verbos,-8.062565803527832,13.699158668518066
sgns,monkeys,Sustantivos,-14.375561714172363,-1.0649868249893188
sgns,reno,Geografía y monedas,12.672587394714355,-21.750205993652344
sgns,unconvincing,Adjetivos,2.779210329055786,22.40093231201172
sgns,swimming,Verbos,-10.458560943603516,-6.013799667358398
sgns,lions,Sustantivos,13.063252449035645,-16.06068992614746
sgns,greenland,Geografía y monedas,2.1208012104034424,-24.937978744506836
sgns,slowly,Adjetivos,12.953426361083984,-2.0427279472351074
sgns,estimates,Verbos,15.800026893615723,1.5836259126663208
sgns,cat,Sustantivos,-14.44674301147461,3.181933879852295
sgns,tampa,Geografía y monedas,16.60407257080078,-19.29146957397461
sgns,quickest,Adjetivos,7.7972283363342285,-4.965973854064941
sgns,inventing,Verbos,4.111483573913574,21.59033966064453
sgns,snakes,Sustantivos,-13.970157623291016,-0.1164977177977562
sgns,euro,Geografía y monedas,-8.119344711303711,-27.977066040039062
sgns,unpleasant,Adjetivos,4.86353874206543,19.734050750732422
sgns,slowing,Verbos,11.546939849853516,-0.5151233077049255
sgns,children,Sustantivos,-16.459901809692383,22.303098678588867
sgns,oakland,Geografía y monedas,16.750402450561523,-21.539505004882812
sgns,higher,Adjetivos,9.631033897399902,3.614269256591797
sgns,enhances,Verbos,10.89185905456543,10.079987525939941
sgns,cow,Sustantivos,-11.287686347961426,0.21937356889247894
sgns,cambodia,Geografía y monedas,-4.200579643249512,-26.486000061035156
sgns,fortunate,Adjetivos,4.5111846923828125,17.848331451416016
sgns,predict,Verbos,12.375999450683594,12.049328804016113
sgns,goat,Sustantivos,-10.912154197692871,1.5010764598846436
sgns,belgium,Geografía y monedas,-2.2766683101654053,-32.615726470947266
sgns,unacceptable,Adjetivos,8.74375057220459,18.134122848510742
sgns,sat,Verbos,-10.798635482788086,10.473001480102539
sgns,bird,Sustantivos,-15.440877914428711,1.378282904624939
sgns,europe,Geografía y monedas,-1.9712889194488525,-30.968582153320312
sgns,happily,Adjetivos,-3.414660692214966,16.82775115966797
sgns,sit,Verbos,-11.318970680236816,10.9708833694458
sgns,finger,Sustantivos,-6.498828887939453,6.19345760345459
sgns,namibia,Geografía y monedas,-0.5785783529281616,-27.541963577270508
sgns,swift,Adjetivos,18.3836612701416,-15.010701179504395
sgns,taking,Verbos,6.860939025878906,-10.835470199584961
sgns,eye,Sustantivos,-3.085057497024536,5.119218349456787
sgns,denver,Geografía y monedas,16.27875518798828,-22.23841094970703
sgns,inefficient,Adjetivos,11.910294532775879,7.1109185218811035
sgns,think,Verbos,0.8338590860366821,18.57435417175293
sgns,building,Sustantivos,6.4273552894592285,-18.335769653320312
sgns,texas,Geografía y monedas,10.583423614501953,-25.245227813720703
sgns,high,Adjetivos,8.881407737731934,2.046368360519409
sgns,writing,Verbos,1.989574909210205,26.01209831237793
sgns,sudan,Geografía y monedas,-1.9592835903167725,-26.834959030151367
sgns,fastest,Adjetivos,7.690689563751221,-4.231685161590576
sgns,finds,Verbos,-4.099020957946777,12.494885444641113
sgns,austin,Geografía y monedas,19.04894256591797,-21.421306610107422
sgns,rational,Adjetivos,9.766944885253906,14.216906547546387
sgns,hit,Verbos,4.497837543487549,-6.891774654388428
sgns,taipei,Geografía y monedas,0.26708707213401794,-23.167407989501953
sgns,seriously,Adjetivos,6.074366569519043,17.898887634277344
sgns,listens,Verbos,-2.5885307788848877,21.096633911132812
sgns,copenhagen,Geografía y monedas,-4.150302410125732,-34.10386657714844
sgns,unproductive,Adjetivos,2.8332622051239014,-2.5285253524780273
sgns,slept,Verbos,-7.812498092651367,14.427618026733398
sgns,switzerland,Geografía y monedas,-2.6887099742889404,-32.8780403137207
sgns,simple,Adjetivos,9.39425277709961,11.668343544006348
sgns,walk,Verbos,-8.924090385437012,11.821407318115234
sgns,german,Geografía y monedas,-2.4714791774749756,-36.79761505126953
sgns,warmest,Adjetivos,6.491814613342285,3.6786210536956787
sgns,described,Verbos,5.117956638336182,25.17186737060547
sgns,senegal,Geografía y monedas,-1.1434354782104492,-27.214330673217773
sgns,wide,Adjetivos,-4.150412082672119,-1.5218439102172852
sgns,search,Verbos,-1.4512299299240112,10.86922836303711
sgns,gabon,Geografía y monedas,-0.04504811391234398,-26.969270706176758
sgns,irrational,Adjetivos,9.136056900024414,14.355361938476562
sgns,implementing,Verbos,14.374896049499512,7.843034744262695
sgns,jamaica,Geografía y monedas,4.865033149719238,-28.10723876953125
sgns,informed,Adjetivos,7.896023750305176,19.888343811035156
sgns,moved,Verbos,13.623941421508789,-4.84977388381958
sgns,budapest,Geografía y monedas,-4.588043212890625,-33.73063278198242
sgns,lucky,Adjetivos,-2.7018444538116455,17.824594497680664
sgns,dance,Verbos,-8.455801010131836,20.412403106689453
sgns,lithuania,Geografía y monedas,-5.469867706298828,-30.382883071899414
sgns,logical,Adjetivos,10.507607460021973,14.211994171142578
sgns,hitting,Verbos,4.628361701965332,-6.663230895996094
sgns,somalia,Geografía y monedas,-0.7245492339134216,-26.702482223510742
sgns,serious,Adjetivos,6.5029730796813965,17.604816436767578
sgns,dancing,Verbos,-8.697439193725586,20.858142852783203
sgns,sweden,Geografía y monedas,-2.116178035736084,-31.961807250976562
sgns,precise,Adjetivos,11.135200500488281,13.19468879699707
sgns,looking,Verbos,-1.0946640968322754,15.576934814453125
sgns,polish,Geografía y monedas,-2.660818099975586,-35.73456954956055
sgns,greater,Adjetivos,10.742879867553711,4.478917598724365
sgns,decreases,Verbos,11.179400444030762,3.2758262157440186
sgns,belarus,Geografía y monedas,-5.539046287536621,-28.647279739379883
sgns,known,Adjetivos,-1.3226253986358643,-5.953272342681885
sgns,jumping,Verbos,-9.447174072265625,-7.5821967124938965
sgns,guinea,Geografía y monedas,-0.9003891944885254,-24.856966018676758
sgns,infrequently,Adjetivos,1.3841962814331055,-2.4839069843292236
sgns,moving,Verbos,13.644179344177246,-3.7866804599761963
sgns,henderson,Geografía y monedas,17.514249801635742,-16.510560989379883
sgns,obviously,Adjetivos,1.8131077289581299,18.559703826904297
sgns,enhancing,Verbos,13.318681716918945,6.287781715393066
sgns,canberra,Geografía y monedas,-4.90651798248291,-17.670183181762695
sgns,complete,Adjetivos,3.699457883834839,-1.1202523708343506
sgns,listen,Verbos,-4.053860187530518,22.59241485595703
sgns,philadelphia,Geografía y monedas,15.353650093078613,-22.776010513305664
sgns,unfortunate,Adjetivos,3.8463566303253174,19.496231079101562
sgns,talk,Verbos,-3.6163740158081055,23.91714096069336
sgns,havana,Geografía y monedas,3.627385377883911,-29.350828170776367
sgns,deep,Adjetivos,-5.272979259490967,-1.683767318725586
sgns,walked,Verbos,-9.054238319396973,10.694680213928223
sgns,ottawa,Geografía y monedas,14.870363235473633,-20.388336181640625
sgns,slowest,Adjetivos,7.649393081665039,-5.215083122253418
sgns,find,Verbos,-2.1735329627990723,12.769628524780273
sgns,nebraska,Geografía y monedas,13.251487731933594,-24.973413467407227
sgns,largest,Adjetivos,-2.622201681137085,-4.776726245880127
sgns,spending,Verbos,3.727036952972412,-11.010945320129395
sgns,valletta,Geografía y monedas,-3.166971206665039,-23.674556732177734
sgns,newer,Adjetivos,13.046385765075684,8.432316780090332
sgns,fly,Verbos,-6.922166347503662,-15.508793830871582
sgns,philippines,Geografía y monedas,3.449373245239258,-26.134357452392578
sgns,faster,Adjetivos,7.993921279907227,-1.890207052230835
sgns,move,Verbos,14.16525936126709,-4.4013285636901855
sgns,kentucky,Geografía y monedas,12.09853744506836,-24.3704833984375
sgns,cold,Adjetivos,5.695560455322266,1.9668596982955933
sgns,screaming,Verbos,-6.941610813140869,17.166759490966797
sgns,korean,Geografía y monedas,-6.250391960144043,-23.069204330444336
sgns,occasionally,Adjetivos,-0.14474369585514069,-0.9385063052177429
sgns,sing,Verbos,-7.123423099517822,22.931995391845703
sgns,english,Geografía y monedas,0.086848184466362,-36.973533630371094
sgns,lowest,Adjetivos,7.8790788650512695,4.196540355682373
sgns,walking,Verbos,-8.935067176818848,12.524643898010254
sgns,berlin,Geografía y monedas,-5.25429630279541,-34.14399337768555
sgns,reasonable,Adjetivos,9.391572952270508,16.431968688964844
sgns,sang,Verbos,-7.927556037902832,22.492633819580078
sgns,kenya,Geografía y monedas,-1.2623934745788574,-26.331544876098633
sgns,coolest,Adjetivos,2.9857542514801025,7.068370342254639
sgns,seeing,Verbos,-2.6372668743133545,15.187129974365234
sgns,yen,Geografía y monedas,-1.0926011800765991,-13.733933448791504
sgns,worse,Adjetivos,5.462422847747803,16.876924514770508
sgns,sitting,Verbos,-11.321646690368652,10.41970443725586
sgns,louisville,Geografía y monedas,13.12343692779541,-22.83148193359375
sgns,competitive,Adjetivos,13.542122840881348,-11.798636436462402
sgns,generating,Verbos,15.081945419311523,4.595374584197998
sgns,dallas,Geografía y monedas,17.020565032958984,-20.278005599975586
sgns,brighter,Adjetivos,1.860459327697754,4.044902324676514
sgns,fed,Verbos,-11.632719993591309,-3.1591789722442627
sgns,madison,Geografía y monedas,14.777162551879883,-26.16888999938965
sgns,smaller,Adjetivos,-2.084759473800659,0.8986756801605225
sgns,looked,Verbos,-0.4922505021095276,15.0505952835083
sgns,atlanta,Geografía y monedas,16.12862205505371,-20.78483009338379
sgns,tight,Adjetivos,10.766528129577637,-4.7558794021606445
sgns,swims,Verbos,-6.68589973449707,12.379106521606445
sgns,irvine,Geografía y monedas,8.624483108520508,-6.022587299346924
sgns,hottest,Adjetivos,2.7272613048553467,7.118764400482178
sgns,walks,Verbos,-7.555264472961426,11.262726783752441
sgns,paris,Geografía y monedas,-0.7985249757766724,-34.04221725463867
sgns,heavier,Adjetivos,7.806981086730957,-0.6929142475128174
sgns,playing,Verbos,15.234823226928711,-11.742461204528809
sgns,spain,Geografía y monedas,-0.7386265993118286,-32.29999542236328
sgns,taller,Adjetivos,-4.076191425323486,0.034410323947668076
sgns,describing,Verbos,4.961030960083008,24.570194244384766
sgns,cuba,Geografía y monedas,3.9048919677734375,-28.550161361694336
sgns,safe,Adjetivos,6.128538608551025,10.272292137145996
sgns,searches,Verbos,-1.8081351518630981,10.669716835021973
sgns,croatian,Geografía y monedas,-7.417150497436523,-30.99588966369629
sgns,brightest,Adjetivos,2.518812894821167,5.103672504425049
sgns,discovering,Verbos,-3.1342132091522217,12.0616455078125
sgns,cincinnati,Geografía y monedas,14.78255558013916,-22.280241012573242
sgns,youngest,Adjetivos,-19.940128326416016,25.082191467285156
sgns,sings,Verbos,-6.885695934295654,21.975154876708984
sgns,memphis,Geografía y monedas,14.93071174621582,-18.665607452392578
sgns,swiftly,Adjetivos,-4.335315227508545,-22.931644439697266
sgns,sold,Verbos,-1.377400517463684,-12.59081745147705
sgns,real,Geografía y monedas,5.28842830657959,21.88970947265625
sgns,rarely,Adjetivos,0.14245806634426117,-1.1346800327301025
sgns,said,Verbos,1.4205650091171265,20.340818405151367
sgns,oregon,Geografía y monedas,13.867417335510254,-25.003448486328125
sgns,short,Adjetivos,-5.4090986251831055,-3.1663095951080322
sgns,saying,Verbos,1.5529448986053467,20.4749755859375
sgns,chinese,Geografía y monedas,-7.4493088722229,-23.557361602783203
sgns,bad,Adjetivos,-0.5183746814727783,20.453630447387695
sgns,slowed,Verbos,11.706476211547852,-1.0700244903564453
sgns,spokane,Geografía y monedas,10.887617111206055,-20.697059631347656
sgns,quickly,Adjetivos,13.484087944030762,-2.0176172256469727
sgns,listened,Verbos,-3.4916481971740723,22.50031852722168
sgns,norwegian,Geografía y monedas,-4.476995468139648,-36.44141387939453
sgns,great,Adjetivos,-1.02761971950531,24.289379119873047
sgns,sees,Verbos,-4.9191412925720215,12.949787139892578
sgns,oslo,Geografía y monedas,-5.4058380126953125,-36.32381057739258
sgns,certain,Adjetivos,9.061036109924316,10.095261573791504
sgns,struck,Verbos,3.5602099895477295,-14.868846893310547
sgns,latvia,Geografía y monedas,-4.805278778076172,-29.15302848815918
sgns,smart,Adjetivos,0.9853158593177795,21.86233139038086
sgns,striking,Verbos,3.701183557510376,-14.875539779663086
sgns,iran,Geografía y monedas,-5.876125335693359,-26.237110137939453
sgns,sudden,Adjetivos,11.668910026550293,19.696035385131836
sgns,swam,Verbos,6.946440696716309,-6.418824672698975
sgns,laos,Geografía y monedas,-3.8600142002105713,-25.198183059692383
sgns,happy,Adjetivos,-1.9785200357437134,18.039928436279297
sgns,falling,Verbos,5.613479137420654,-8.608613967895508
sgns,spanish,Geografía y monedas,1.245938777923584,-34.14372253417969
sgns,oldest,Adjetivos,-2.310485601425171,-5.964431285858154
sgns,look,Verbos,0.2541523575782776,14.997206687927246
sgns,pittsburgh,Geografía y monedas,15.485490798950195,-21.66989517211914
sgns,possible,Adjetivos,12.771965026855469,14.144086837768555
sgns,speaks,Verbos,-5.625868797302246,23.638479232788086
sgns,yerevan,Geografía y monedas,-6.456439018249512,-31.693796157836914
sgns,easiest,Adjetivos,6.6483869552612305,12.711299896240234
sgns,code,Verbos,14.83145523071289,9.520699501037598
sgns,wichita,Geografía y monedas,13.64714241027832,-20.07033920288086
sgns,warm,Adjetivos,6.215030670166016,2.156407594680786
sgns,plays,Verbos,15.854347229003906,-11.161601066589355
sgns,greece,Geografía y monedas,-3.1448957920074463,-30.278865814208984
sgns,likely,Adjetivos,14.021185874938965,15.233061790466309
sgns,jump,Verbos,-9.341035842895508,-7.673059940338135
sgns,kazakhstan,Geografía y monedas,-4.5789265632629395,-27.804609298706055
sgns,tougher,Adjetivos,4.493764877319336,15.224862098693848
sgns,vanishes,Verbos,-6.093776226043701,13.197799682617188
sgns,alaska,Geografía y monedas,6.167167663574219,-25.030105590820312
sgns,small,Adjetivos,-2.283682107925415,0.8576205372810364
sgns,decreasing,Verbos,11.542563438415527,2.726930618286133
sgns,israeli,Geografía y monedas,-6.339103698730469,-24.43070411682129
sgns,slower,Adjetivos,8.083733558654785,-2.07649302482605
sgns,flying,Verbos,-6.674388408660889,-15.850668907165527
sgns,swedish,Geografía y monedas,-1.5105661153793335,-36.56477737426758
sgns,stronger,Adjetivos,10.688671112060547,1.004925012588501
sgns,going,Verbos,-0.7569969892501831,17.19734001159668
sgns,omaha,Geografía y monedas,14.98629093170166,-24.692527770996094
sgns,easy,Adjetivos,6.328399658203125,11.362259864807129
sgns,feeding,Verbos,-13.442424774169922,-2.9823176860809326
sgns,colorado,Geografía y monedas,13.121837615966797,-26.235050201416016
sgns,usually,Adjetivos,0.12803781032562256,-0.26596009731292725
sgns,reading,Verbos,-0.8243306875228882,27.06534194946289
sgns,ljubljana,Geografía y monedas,-6.8946685791015625,-28.730566024780273
sgns,honest,Adjetivos,2.8096725940704346,19.82199478149414
sgns,listening,Verbos,-3.8896918296813965,21.970041275024414
sgns,bahamas,Geografía y monedas,4.601668834686279,-27.432588577270508
sgns,hot,Adjetivos,1.2007746696472168,7.454747200012207
sgns,implemented,Verbos,14.541436195373535,8.00555419921875
sgns,bakersfield,Geografía y monedas,14.29255485534668,-18.518102645874023
sgns,mostly,Adjetivos,-1.4006407260894775,-1.8505210876464844
sgns,say,Verbos,0.4453248381614685,19.14154815673828
sgns,bulgaria,Geografía y monedas,-4.057152271270752,-30.125797271728516
sgns,colder,Adjetivos,5.947650909423828,3.2055599689483643
sgns,sits,Verbos,-11.35084056854248,9.468016624450684
sgns,orlando,Geografía y monedas,17.94967269897461,-19.975187301635742
sgns,furious,Adjetivos,-10.884293556213379,16.85610580444336
sgns,enhanced,Verbos,13.920693397521973,6.294381618499756
sgns,florida,Geografía y monedas,9.579362869262695,-25.576204299926758
sgns,typical,Adjetivos,0.7936425805091858,1.3954015970230103
sgns,see,Verbos,0.47707241773605347,16.276323318481445
sgns,arlington,Geografía y monedas,11.57641887664795,-21.887981414794922
gensim,hawaii,Geografía y monedas,-13.677846908569336,17.37348175048828
gensim,granddaughter,Familia,24.16790008544922,-20.29497528076172
gensim,suddenly,Adjetivos,10.624884605407715,-9.978899955749512
gensim,fell,Verbos,-1.7854372262954712,9.495725631713867
gensim,colors,Sustantivos,9.219930648803711,-0.17026486992835999
gensim,jakarta,Geografía y monedas,-20.761798858642578,17.36071014404297
gensim,he,Familia,19.28302574157715,-14.492815971374512
gensim,strange,Adjetivos,4.573848247528076,-19.34253692626953
gensim,read,Verbos,4.708293914794922,-23.114572525024414
gensim,machine,Sustantivos,-11.561640739440918,-8.729339599609375
gensim,honduras,Geografía y monedas,-14.225470542907715,19.638004302978516
gensim,niece,Familia,23.488265991210938,-20.27335548400879
gensim,lower,Adjetivos,-6.717554092407227,0.767242431640625
gensim,knew,Verbos,5.556669235229492,-14.377129554748535
gensim,cats,Sustantivos,16.91284942626953,4.729794979095459
gensim,irving,Geografía y monedas,1.40814208984375,-20.77141571044922
gensim,father,Familia,25.044370651245117,-19.138031005859375
gensim,big,Adjetivos,-0.709601104259491,-17.593246459960938
gensim,went,Verbos,-2.1377336978912354,11.694841384887695
gensim,color,Sustantivos,9.069281578063965,-0.31437253952026367
gensim,won,Geografía y monedas,-1.1166125535964966,12.850635528564453
gensim,grandson,Familia,25.54882049560547,-21.465824127197266
gensim,greatest,Adjetivos,-7.40740966796875,-15.837061882019043
gensim,increased,Verbos,-8.578004837036133,-1.6243549585342407
gensim,cows,Sustantivos,14.373327255249023,2.4175477027893066
gensim,ruble,Geografía y monedas,-18.035810470581055,7.239297866821289
gensim,wife,Familia,24.03374671936035,-18.799409866333008
gensim,completely,Adjetivos,4.455657958984375,-9.300864219665527
gensim,provides,Verbos,3.8927066326141357,-5.633474349975586
gensim,dogs,Sustantivos,17.392414093017578,5.8332390785217285
gensim,zagreb,Geografía y monedas,-25.405691146850586,15.749008178710938
gensim,aunt,Familia,22.704866409301758,-19.50722312927246
gensim,weird,Adjetivos,3.410217523574829,-18.473297119140625
gensim,increase,Verbos,-8.158468246459961,-1.765858769416809
gensim,eagles,Sustantivos,14.21225357055664,10.225738525390625
gensim,illinois,Geografía y monedas,-5.870672702789307,25.17658233642578
gensim,man,Familia,16.620698928833008,-17.802927017211914
gensim,quietly,Adjetivos,7.486405372619629,-11.039141654968262
gensim,slow,Verbos,-2.6161692142486572,5.387482166290283
gensim,mango,Sustantivos,14.859630584716797,-0.5972034335136414
gensim,amman,Geografía y monedas,-19.288816452026367,14.975464820861816
gensim,husband,Familia,22.84531593322754,-18.229732513427734
gensim,long,Adjetivos,6.079761028289795,4.14103889465332
gensim,describes,Verbos,0.8804629445075989,-23.843191146850586
gensim,women,Sustantivos,-17.85207748413086,-5.245383262634277
gensim,cyprus,Geografía y monedas,-22.753578186035156,12.697632789611816
gensim,prince,Familia,23.37795066833496,-22.1243896484375
gensim,low,Adjetivos,-5.936073303222656,1.6859642267227173
gensim,knowing,Verbos,6.761733531951904,-12.998102188110352
gensim,snake,Sustantivos,16.929386138916016,1.6018691062927246
gensim,fontana,Geografía y monedas,2.4978790283203125,-20.385587692260742
gensim,queen,Familia,22.48792266845703,-22.17514419555664
gensim,shorter,Adjetivos,3.8819313049316406,0.959071159362793
gensim,works,Verbos,-2.745225429534912,-21.30702018737793
gensim,hands,Sustantivos,10.364676475524902,-7.023913383483887
gensim,chicago,Geografía y monedas,-3.2900304794311523,25.52475357055664
gensim,uncle,Familia,24.90545082092285,-20.480459213256836
gensim,easier,Adjetivos,-0.6306674480438232,-8.444352149963379
gensim,writes,Verbos,1.947409987449646,-23.476667404174805
gensim,cloud,Sustantivos,-2.5597121715545654,-1.464438796043396
gensim,massachusetts,Geografía y monedas,-7.0096049308776855,23.763383865356445
gensim,mother,Familia,23.721677780151367,-18.02434730529785
gensim,convenient,Adjetivos,-0.0992220863699913,-8.488629341125488
gensim,vanished,Verbos,6.883487224578857,-7.181010723114014
gensim,child,Sustantivos,23.35494613647461,-17.095314025878906
gensim,montevideo,Geografía y monedas,-19.102413177490234,17.295368194580078
gensim,her,Familia,19.927553176879883,-17.098520278930664
gensim,unfortunately,Adjetivos,5.79270076751709,-12.193201065063477
gensim,play,Verbos,9.571883201599121,-26.52134895324707
gensim,dream,Sustantivos,11.077597618103027,-19.696853637695312
gensim,portland,Geografía y monedas,-5.126567840576172,27.27710723876953
gensim,sisters,Familia,25.537246704101562,-16.757150650024414
gensim,rapidly,Adjetivos,-5.063761234283447,5.370396614074707
gensim,describe,Verbos,-0.5957983732223511,-24.278432846069336
gensim,goats,Sustantivos,15.298636436462402,4.088672161102295
gensim,madrid,Geografía y monedas,-22.492891311645508,21.44084358215332
gensim,brother,Familia,26.190807342529297,-19.894813537597656
gensim,smallest,Adjetivos,2.5916149616241455,2.5472476482391357
gensim,predicting,Verbos,-4.180578231811523,-6.244168281555176
gensim,road,Sustantivos,-6.5252156257629395,19.82674217224121
gensim,detroit,Geografía y monedas,-2.5162250995635986,23.457263946533203
gensim,stepmother,Familia,22.33254623413086,-18.957433700561523
gensim,obvious,Adjetivos,0.524411678314209,-11.705208778381348
gensim,flew,Verbos,-7.498775482177734,14.258959770202637
gensim,birds,Sustantivos,17.007837295532227,3.607196569442749
gensim,akron,Geografía y monedas,-3.612959623336792,22.79534149169922
gensim,daughters,Familia,24.708309173583984,-17.731220245361328
gensim,free,Adjetivos,2.038879156112671,-7.076608657836914
gensim,jumped,Verbos,-0.0737244188785553,9.952005386352539
gensim,monkey,Sustantivos,17.788156509399414,1.866153359413147
gensim,egyptian,Geografía y monedas,-22.7431640625,10.692875862121582
gensim,woman,Familia,16.882850646972656,-18.21104621887207
gensim,younger,Adjetivos,27.435800552368164,-16.450693130493164
gensim,predicts,Verbos,-3.874236822128296,-7.917198181152344
gensim,dreams,Sustantivos,11.087610244750977,-19.448665618896484
gensim,nicaragua,Geografía y monedas,-14.744495391845703,19.627098083496094
gensim,sister,Familia,25.802783966064453,-17.06736183166504
gensim,tough,Adjetivos,1.6791561841964722,-15.218563079833984
gensim,goes,Verbos,11.600951194763184,-14.595221519470215
gensim,rats,Sustantivos,16.17133331298828,4.753047466278076
gensim,anaheim,Geografía y monedas,-1.2962759733200073,22.891254425048828
gensim,policeman,Familia,15.364659309387207,-11.567702293395996
gensim,freely,Adjetivos,1.5216211080551147,-6.762221813201904
gensim,implements,Verbos,0.0021083278115838766,-7.073736190795898
gensim,fingers,Sustantivos,11.014227867126465,-5.280856132507324
gensim,french,Geografía y monedas,-24.77950096130371,21.30609893798828
gensim,groom,Familia,17.5966739654541,-11.362133026123047
gensim,immediate,Adjetivos,-2.841238021850586,-13.130361557006836
gensim,thinking,Verbos,5.42056941986084,-15.499066352844238
gensim,clouds,Sustantivos,-3.00773024559021,-1.0227584838867188
gensim,croatia,Geografía y monedas,-25.172897338867188,14.45754623413086
gensim,brothers,Familia,27.34466552734375,-19.798629760742188
gensim,unknown,Adjetivos,-0.9414377212524414,-4.655813694000244
gensim,saw,Verbos,-2.4983866214752197,11.974231719970703
gensim,men,Sustantivos,-17.85493278503418,-5.214418411254883
gensim,syria,Geografía y monedas,-21.66219139099121,11.973587036132812
gensim,nephew,Familia,24.853002548217773,-21.321306228637695
gensim,apparently,Adjetivos,6.661441326141357,-7.587741851806641
gensim,generated,Verbos,-10.322882652282715,-4.101589679718018
gensim,elephant,Sustantivos,19.575990676879883,1.712470293045044
gensim,brazilian,Geografía y monedas,-24.405691146850586,23.04004669189453
gensim,she,Familia,19.793060302734375,-17.01970100402832
gensim,inconsistent,Adjetivos,-0.5765287280082703,-12.125253677368164
gensim,speak,Verbos,8.048113822937012,-21.204147338867188
gensim,dog,Sustantivos,18.542558670043945,0.5922969579696655
gensim,portuguese,Geografía y monedas,-24.966793060302734,22.16747283935547
gensim,his,Familia,19.374391555786133,-14.54244327545166
gensim,unsure,Adjetivos,5.318332672119141,-13.440329551696777
gensim,eat,Verbos,14.130459785461426,3.41231632232666
gensim,eagle,Sustantivos,15.372030258178711,9.797924995422363
gensim,washington,Geografía y monedas,-3.0523288249969482,26.944406509399414
gensim,mom,Familia,10.770724296569824,-17.748624801635742
gensim,rare,Adjetivos,1.2094146013259888,-3.2679531574249268
gensim,predicted,Verbos,-3.939772844314575,-5.085741996765137
gensim,pig,Sustantivos,14.59908676147461,0.8963407874107361
gensim,slovenia,Geografía y monedas,-24.064931869506836,14.851435661315918
gensim,daughter,Familia,24.304920196533203,-19.23133087158203
gensim,productive,Adjetivos,-0.1701379120349884,-2.180673599243164
gensim,invent,Verbos,3.5281028747558594,-14.58922290802002
gensim,rat,Sustantivos,17.89089012145996,4.16151762008667
gensim,kabul,Geografía y monedas,-20.534992218017578,15.403687477111816
gensim,sons,Familia,26.456214904785156,-18.888395309448242
gensim,professional,Adjetivos,-0.6148658394813538,17.605026245117188
gensim,hid,Verbos,14.271533966064453,-11.842833518981934
gensim,mice,Sustantivos,15.637801170349121,5.3743181228637695
gensim,ecuador,Geografía y monedas,-16.353723526000977,18.403364181518555
gensim,grandfather,Familia,25.857919692993164,-20.690073013305664
gensim,widest,Adjetivos,4.049712657928467,3.437800645828247
gensim,scream,Verbos,12.637303352355957,-21.328523635864258
gensim,dollar,Sustantivos,-15.596327781677246,5.994136810302734
gensim,netherlands,Geografía y monedas,-21.072406768798828,20.630239486694336
gensim,girl,Familia,16.498876571655273,-18.92034339904785
gensim,calmly,Adjetivos,10.010335922241211,-11.470942497253418
gensim,write,Verbos,4.00847053527832,-22.45111083984375
gensim,banana,Sustantivos,-11.00850772857666,19.89045524597168
gensim,minneapolis,Geografía y monedas,-4.49921178817749,26.4248046875
gensim,bride,Familia,21.559568405151367,-20.027368545532227
gensim,cheerful,Adjetivos,4.941198825836182,-18.306806564331055
gensim,coding,Verbos,-5.587280750274658,-8.41087532043457
gensim,pineapple,Sustantivos,15.538926124572754,0.1669015884399414
gensim,irish,Geografía y monedas,-27.202516555786133,21.520183563232422
gensim,grandmother,Familia,23.421072006225586,-19.170637130737305
gensim,precisely,Adjetivos,-3.613520383834839,-9.01650333404541
gensim,swim,Verbos,11.835350036621094,5.550046920776367
gensim,machines,Sustantivos,-10.824027061462402,-8.514060020446777
gensim,russian,Geografía y monedas,-25.89651107788086,19.357362747192383
gensim,king,Familia,24.127437591552734,-22.66851234436035
gensim,bigger,Adjetivos,6.333913326263428,-17.399600982666016
gensim,shrank,Verbos,-9.118597984313965,-0.2559921443462372
gensim,cars,Sustantivos,4.019362449645996,8.475741386413574
gensim,kingston,Geografía y monedas,-3.7484846115112305,20.1292724609375
gensim,boy,Familia,16.628780364990234,-19.533952713012695
gensim,longer,Adjetivos,3.6001007556915283,0.6386567950248718
gensim,work,Verbos,-2.628709077835083,-21.276681900024414
gensim,elephants,Sustantivos,15.724908828735352,3.7779996395111084
gensim,peru,Geografía y monedas,-17.72391700744629,18.60427474975586
gensim,stepfather,Familia,22.03699493408203,-18.096513748168945
gensim,bright,Adjetivos,7.952164173126221,-1.134795904159546
gensim,spent,Verbos,-16.066753387451172,1.1413099765777588
gensim,pear,Sustantivos,13.039135932922363,0.9192973971366882
gensim,michigan,Geografía y monedas,-4.7862229347229,24.7626895904541
gensim,son,Familia,25.371753692626953,-19.827045440673828
gensim,acceptable,Adjetivos,-1.184735894203186,-10.679376602172852
gensim,paying,Verbos,-15.72981071472168,4.058556079864502
gensim,lion,Sustantivos,15.851126670837402,9.631560325622559
gensim,belize,Geografía y monedas,-14.981087684631348,18.93257713317871
gensim,dad,Familia,10.744475364685059,-17.365468978881836
gensim,irresponsible,Adjetivos,1.7510826587677002,-13.747105598449707
gensim,discover,Verbos,13.631773948669434,-14.10965347290039
gensim,donkey,Sustantivos,16.741928100585938,-1.1323522329330444
gensim,bulgarian,Geografía y monedas,-24.484533309936523,12.066535949707031
gensim,princess,Familia,22.480321884155273,-21.61241340637207
gensim,efficient,Adjetivos,-6.4409589767456055,-5.2917890548706055
gensim,ran,Verbos,4.078305244445801,11.69711971282959
gensim,horse,Sustantivos,18.45465660095215,7.161954402923584
gensim,portugal,Geografía y monedas,-21.449003219604492,21.633098602294922
gensim,possibly,Adjetivos,-1.7594040632247925,-4.415680885314941
gensim,paid,Verbos,-15.797883987426758,4.078819274902344
gensim,roads,Sustantivos,-7.205390453338623,19.23269271850586
gensim,zambia,Geografía y monedas,-17.140966415405273,17.09213638305664
gensim,simplest,Adjetivos,-4.735684394836426,-8.919179916381836
gensim,decrease,Verbos,-7.517821311950684,-1.5039474964141846
gensim,mouse,Sustantivos,18.47834587097168,3.8095483779907227
gensim,ukrainian,Geografía y monedas,-21.917057037353516,15.926576614379883
gensim,amazing,Adjetivos,2.793773651123047,-18.045757293701172
gensim,eats,Verbos,15.453511238098145,2.1162853240966797
gensim,computers,Sustantivos,-9.676887512207031,-9.05115032196045
gensim,tehran,Geografía y monedas,-20.318571090698242,14.728038787841797
gensim,sure,Adjetivos,6.217060565948486,-14.949950218200684
gensim,shrinking,Verbos,-6.875515460968018,-2.382998466491699
gensim,bottle,Sustantivos,13.493935585021973,-3.605015993118286
gensim,mali,Geografía y monedas,-15.951288223266602,15.601099967956543
gensim,quick,Adjetivos,-1.8373899459838867,6.500400066375732
gensim,running,Verbos,4.184665679931641,11.580657958984375
gensim,eyes,Sustantivos,9.960174560546875,-3.936109781265259
gensim,lubbock,Geografía y monedas,7.4329071044921875,-22.775352478027344
gensim,hotter,Adjetivos,-4.550784587860107,-1.3120152950286865
gensim,hiding,Verbos,14.314903259277344,-12.249920845031738
gensim,car,Sustantivos,4.078176498413086,8.49321460723877
gensim,tunisia,Geografía y monedas,-18.8551082611084,15.79820728302002
gensim,usual,Adjetivos,4.304078102111816,-1.3246581554412842
gensim,estimate,Verbos,-10.767647743225098,-0.35491374135017395
gensim,buildings,Sustantivos,-10.258792877197266,10.526065826416016
gensim,indiana,Geografía y monedas,-5.9592814445495605,24.708356857299805
gensim,unlikely,Adjetivos,-1.8931933641433716,-5.474105358123779
gensim,selling,Verbos,-17.87099838256836,4.01428747177124
gensim,horses,Sustantivos,18.247507095336914,7.018580436706543
gensim,ukraine,Geografía y monedas,-22.80941390991211,13.939836502075195
gensim,young,Adjetivos,27.167829513549805,-15.376019477844238
gensim,provide,Verbos,3.7689948081970215,-5.657243251800537
gensim,dollars,Sustantivos,-15.837005615234375,5.739569664001465
gensim,bhutan,Geografía y monedas,-23.39151382446289,13.387870788574219
gensim,luckily,Adjetivos,8.006240844726562,-12.953387260437012
gensim,wrote,Verbos,2.2232506275177,-22.6544189453125
gensim,bottles,Sustantivos,13.568446159362793,-2.506617784500122
gensim,azerbaijan,Geografía y monedas,-21.4545841217041,13.68115234375
gensim,tall,Adjetivos,5.0830512046813965,2.6541221141815186
gensim,increasing,Verbos,-8.114236831665039,-2.256697654724121
gensim,pigs,Sustantivos,15.078415870666504,3.567110300064087
gensim,stockton,Geografía y monedas,-4.292459011077881,21.89727210998535
gensim,older,Adjetivos,27.806631088256836,-16.26283073425293
gensim,took,Verbos,-3.5475802421569824,11.32764720916748
gensim,computer,Sustantivos,-9.593535423278809,-9.13834285736084
gensim,mexican,Geografía y monedas,-23.306047439575195,23.47838592529297
gensim,aware,Adjetivos,4.6165056228637695,-12.907119750976562
gensim,screams,Verbos,11.752583503723145,-10.843057632446289
gensim,onion,Sustantivos,12.334683418273926,0.4211355745792389
gensim,worcester,Geografía y monedas,-7.132438659667969,21.666744232177734
gensim,quiet,Adjetivos,7.037277698516846,-10.001082420349121
gensim,danced,Verbos,10.817976951599121,-22.663545608520508
gensim,hand,Sustantivos,10.652222633361816,-6.358375549316406
gensim,tacoma,Geografía y monedas,-5.549362659454346,20.631895065307617
gensim,worst,Adjetivos,-7.548647880554199,-15.794127464294434
gensim,sleeping,Verbos,14.206060409545898,-10.229219436645508
gensim,monkeys,Sustantivos,16.229305267333984,2.7814362049102783
gensim,reno,Geografía y monedas,-5.040882587432861,22.767696380615234
gensim,unconvincing,Adjetivos,2.474670648574829,-19.442615509033203
gensim,swimming,Verbos,11.216858863830566,6.0891900062561035
gensim,lions,Sustantivos,13.7510347366333,10.699311256408691
gensim,greenland,Geografía y monedas,-12.819182395935059,18.662263870239258
gensim,slowly,Adjetivos,-4.7762041091918945,5.8611955642700195
gensim,estimates,Verbos,-10.74518871307373,-0.3347618877887726
gensim,cat,Sustantivos,18.391815185546875,1.0064167976379395
gensim,tampa,Geografía y monedas,-1.027675747871399,22.276077270507812
gensim,quickest,Adjetivos,1.413374900817871,8.170689582824707
gensim,inventing,Verbos,0.35840827226638794,-15.696202278137207
gensim,snakes,Sustantivos,16.41632652282715,3.27504301071167
gensim,euro,Geografía y monedas,-18.898231506347656,8.193744659423828
gensim,unpleasant,Adjetivos,2.3113372325897217,-14.262938499450684
gensim,slowing,Verbos,-3.2639405727386475,5.212421894073486
gensim,children,Sustantivos,23.92810821533203,-16.44580841064453
gensim,oakland,Geografía y monedas,-1.7561147212982178,24.480384826660156
gensim,higher,Adjetivos,-6.821896553039551,0.551886796951294
gensim,enhances,Verbos,-5.387418746948242,-7.535253047943115
gensim,cow,Sustantivos,15.000405311584473,1.1279253959655762
gensim,cambodia,Geografía y monedas,-21.291507720947266,14.577751159667969
gensim,fortunate,Adjetivos,5.404352188110352,-11.742904663085938
gensim,predict,Verbos,-4.019192218780518,-6.899048328399658
gensim,goat,Sustantivos,15.7153902053833,0.9732098579406738
gensim,belgium,Geografía y monedas,-20.85507583618164,20.310314178466797
gensim,unacceptable,Adjetivos,-1.769377589225769,-12.850107192993164
gensim,sat,Verbos,16.451494216918945,-7.59119176864624
gensim,bird,Sustantivos,18.066368103027344,2.5433242321014404
gensim,europe,Geografía y monedas,-19.2528018951416,21.088619232177734
gensim,happily,Adjetivos,9.336187362670898,-13.636137008666992
gensim,sit,Verbos,16.540740966796875,-7.917814254760742
gensim,finger,Sustantivos,11.028776168823242,-5.075314521789551
gensim,namibia,Geografía y monedas,-16.95189666748047,16.795305252075195
gensim,swift,Adjetivos,-0.08683999627828598,-19.892921447753906
gensim,taking,Verbos,-3.7904248237609863,11.188790321350098
gensim,eye,Sustantivos,9.021982192993164,-2.943049907684326
gensim,denver,Geografía y monedas,-2.9357211589813232,23.830121994018555
gensim,inefficient,Adjetivos,-6.76033353805542,-5.221936225891113
gensim,think,Verbos,5.617499828338623,-15.873712539672852
gensim,building,Sustantivos,-10.260358810424805,10.518523216247559
gensim,texas,Geografía y monedas,-8.182893753051758,24.059316635131836
gensim,high,Adjetivos,-6.04826021194458,1.995989203453064
gensim,writing,Verbos,2.739957809448242,-22.176387786865234
gensim,sudan,Geografía y monedas,-16.755287170410156,15.924330711364746
gensim,fastest,Adjetivos,1.3503328561782837,7.460509777069092
gensim,finds,Verbos,12.40561294555664,-14.501667022705078
gensim,austin,Geografía y monedas,0.3022354543209076,24.857952117919922
gensim,rational,Adjetivos,-2.9252641201019287,-10.3727388381958
gensim,hit,Verbos,1.094123363494873,11.450505256652832
gensim,taipei,Geografía y monedas,-16.2175235748291,14.093022346496582
gensim,seriously,Adjetivos,4.316267967224121,-10.61207103729248
gensim,listens,Verbos,5.496095657348633,-19.28133201599121
gensim,copenhagen,Geografía y monedas,-22.60526466369629,18.553754806518555
gensim,unproductive,Adjetivos,0.01461134571582079,-2.6764774322509766
gensim,slept,Verbos,14.711889266967773,-11.042008399963379
gensim,switzerland,Geografía y monedas,-20.503061294555664,20.551834106445312
gensim,simple,Adjetivos,-5.006251335144043,-10.149638175964355
gensim,walk,Verbos,14.225360870361328,-8.337349891662598
gensim,german,Geografía y monedas,-25.41154670715332,19.516489028930664
gensim,warmest,Adjetivos,-4.614401817321777,-0.19790713489055634
gensim,described,Verbos,0.1863066703081131,-23.565343856811523
gensim,senegal,Geografía y monedas,-15.892016410827637,16.954118728637695
gensim,wide,Adjetivos,4.612629413604736,3.6072497367858887
gensim,search,Verbos,14.705568313598633,-14.191732406616211
gensim,gabon,Geografía y monedas,-16.17637062072754,17.571985244750977
gensim,irrational,Adjetivos,-3.0402395725250244,-11.248248100280762
gensim,implementing,Verbos,-8.0455961227417,-6.435248374938965
gensim,jamaica,Geografía y monedas,-13.718406677246094,20.950809478759766
gensim,informed,Adjetivos,-1.4485443830490112,-14.683518409729004
gensim,moved,Verbos,-5.220747947692871,8.425457954406738
gensim,budapest,Geografía y monedas,-22.16299057006836,17.78694725036621
gensim,lucky,Adjetivos,8.459620475769043,-14.24649715423584
gensim,dance,Verbos,12.064480781555176,-22.530183792114258
gensim,lithuania,Geografía y monedas,-24.342426300048828,13.728008270263672
gensim,logical,Adjetivos,-3.354624032974243,-9.978316307067871
gensim,hitting,Verbos,1.1271573305130005,11.263511657714844
gensim,somalia,Geografía y monedas,-16.245712280273438,16.522018432617188
gensim,serious,Adjetivos,3.4704535007476807,-10.918408393859863
gensim,dancing,Verbos,11.495615005493164,-22.519987106323242
gensim,sweden,Geografía y monedas,-20.251296997070312,21.2491397857666
gensim,precise,Adjetivos,-2.966691255569458,-8.427197456359863
gensim,looking,Verbos,8.221261024475098,-15.913276672363281
gensim,polish,Geografía y monedas,-25.336198806762695,18.731658935546875
gensim,greater,Adjetivos,-7.739274501800537,-0.10958890616893768
gensim,decreases,Verbos,-5.8368821144104,-1.3840928077697754
gensim,belarus,Geografía y monedas,-22.396930694580078,14.427998542785645
gensim,known,Adjetivos,-9.64758014678955,4.97236967086792
gensim,jumping,Verbos,9.761117935180664,7.115545749664307
gensim,guinea,Geografía y monedas,-14.699816703796387,15.253425598144531
gensim,infrequently,Adjetivos,0.9424771070480347,-2.446021318435669
gensim,moving,Verbos,-5.15576696395874,7.525844573974609
gensim,henderson,Geografía y monedas,0.8342262506484985,20.710840225219727
gensim,obviously,Adjetivos,4.623162746429443,-14.9166259765625
gensim,enhancing,Verbos,-7.875533580780029,-5.045064926147461
gensim,canberra,Geografía y monedas,-5.395204544067383,17.849245071411133
gensim,complete,Adjetivos,-6.758795261383057,-11.63648509979248
gensim,listen,Verbos,6.889249324798584,-20.607877731323242
gensim,philadelphia,Geografía y monedas,-2.621586561203003,25.6663761138916
gensim,unfortunate,Adjetivos,2.1631453037261963,-13.202792167663574
gensim,talk,Verbos,7.380008697509766,-19.768999099731445
gensim,havana,Geografía y monedas,-15.41335678100586,21.179393768310547
gensim,deep,Adjetivos,5.335608005523682,4.416181564331055
gensim,walked,Verbos,13.989026069641113,-7.392856597900391
gensim,ottawa,Geografía y monedas,-2.8592615127563477,22.537059783935547
gensim,slowest,Adjetivos,0.8265128135681152,8.267178535461426
gensim,find,Verbos,13.501307487487793,-14.725740432739258
gensim,nebraska,Geografía y monedas,-6.381364345550537,25.513120651245117
gensim,largest,Adjetivos,-9.128471374511719,6.139167785644531
gensim,spending,Verbos,-16.05621337890625,1.1615909337997437
gensim,valletta,Geografía y monedas,-19.489030838012695,16.286027908325195
gensim,newer,Adjetivos,-10.393991470336914,-6.782732963562012
gensim,fly,Verbos,-7.365560054779053,14.122339248657227
gensim,philippines,Geografía y monedas,-14.291011810302734,18.13282585144043
gensim,faster,Adjetivos,0.7469993233680725,5.869819164276123
gensim,move,Verbos,-5.69674825668335,8.021629333496094
gensim,kentucky,Geografía y monedas,-6.404158592224121,24.244274139404297
gensim,cold,Adjetivos,-2.9488565921783447,0.5838121175765991
gensim,screaming,Verbos,12.198395729064941,-10.76537799835205
gensim,korean,Geografía y monedas,-18.441795349121094,11.9458589553833
gensim,occasionally,Adjetivos,2.515932321548462,-2.069164991378784
gensim,sing,Verbos,9.272661209106445,-22.40494728088379
gensim,english,Geografía y monedas,-26.866918563842773,21.661827087402344
gensim,lowest,Adjetivos,-7.6821393966674805,1.757078766822815
gensim,walking,Verbos,14.126401901245117,-8.78134822845459
gensim,berlin,Geografía y monedas,-22.80353355407715,18.945899963378906
gensim,reasonable,Adjetivos,-1.1422048807144165,-10.438596725463867
gensim,sang,Verbos,9.787006378173828,-22.713794708251953
gensim,kenya,Geografía y monedas,-15.579737663269043,16.31009864807129
gensim,coolest,Adjetivos,-5.628899574279785,-15.732046127319336
gensim,seeing,Verbos,9.379440307617188,-12.30767822265625
gensim,yen,Geografía y monedas,-17.70745277404785,5.361238956451416
gensim,worse,Adjetivos,2.6312336921691895,-11.509472846984863
gensim,sitting,Verbos,16.22240447998047,-7.436082363128662
gensim,louisville,Geografía y monedas,-4.932692527770996,23.678592681884766
gensim,competitive,Adjetivos,-0.34223660826683044,16.4101619720459
gensim,generating,Verbos,-10.366744995117188,-3.964054584503174
gensim,dallas,Geografía y monedas,-0.9341352581977844,23.626867294311523
gensim,brighter,Adjetivos,7.067825794219971,-0.8905584812164307
gensim,fed,Verbos,12.827713012695312,4.2981181144714355
gensim,madison,Geografía y monedas,-1.0660840272903442,26.101505279541016
gensim,smaller,Adjetivos,2.365095615386963,1.5148122310638428
gensim,looked,Verbos,8.698123931884766,-16.072961807250977
gensim,atlanta,Geografía y monedas,-1.8024004697799683,23.59829330444336
gensim,tight,Adjetivos,-1.6087305545806885,4.47976016998291
gensim,swims,Verbos,12.018294334411621,-9.43467903137207
gensim,irvine,Geografía y monedas,1.9656327962875366,8.752763748168945
gensim,hottest,Adjetivos,-5.806708812713623,-15.934064865112305
gensim,walks,Verbos,12.79228687286377,-7.874040603637695
gensim,paris,Geografía y monedas,-22.837656021118164,20.09743309020996
gensim,heavier,Adjetivos,0.6889388561248779,4.494691848754883
gensim,playing,Verbos,9.735923767089844,-26.424484252929688
gensim,spain,Geografía y monedas,-21.436811447143555,21.437753677368164
gensim,taller,Adjetivos,4.611554145812988,2.1377980709075928
gensim,describing,Verbos,0.1967267543077469,-23.26280975341797
gensim,cuba,Geografía y monedas,-14.878002166748047,20.784605026245117
gensim,safe,Adjetivos,2.4865620136260986,-8.740692138671875
gensim,searches,Verbos,14.822663307189941,-13.804609298706055
gensim,croatian,Geografía y monedas,-26.046268463134766,14.847020149230957
gensim,brightest,Adjetivos,6.542270660400391,-1.1340117454528809
gensim,discovering,Verbos,12.718167304992676,-13.4266996383667
gensim,cincinnati,Geografía y monedas,-3.52587628364563,24.53299331665039
gensim,youngest,Adjetivos,27.921510696411133,-18.147289276123047
gensim,sings,Verbos,10.038731575012207,-21.272390365600586
gensim,memphis,Geografía y monedas,-1.9062098264694214,20.791526794433594
gensim,swiftly,Adjetivos,-18.310678482055664,13.677177429199219
gensim,sold,Verbos,-17.755041122436523,4.2107133865356445
gensim,real,Geografía y monedas,1.1679829359054565,-17.402101516723633
gensim,rarely,Adjetivos,2.27123761177063,-2.162102460861206
gensim,said,Verbos,4.401197910308838,-16.687427520751953
gensim,oregon,Geografía y monedas,-6.235269069671631,26.630020141601562
gensim,short,Adjetivos,6.490681171417236,4.185729503631592
gensim,saying,Verbos,4.531581401824951,-16.82863426208496
gensim,chinese,Geografía y monedas,-18.62835693359375,11.531829833984375
gensim,bad,Adjetivos,3.127061128616333,-12.652167320251465
gensim,slowed,Verbos,-3.2677040100097656,5.551394939422607
gensim,spokane,Geografía y monedas,-5.179666996002197,21.151578903198242
gensim,quickly,Adjetivos,-4.995702266693115,6.192763328552246
gensim,listened,Verbos,6.436308860778809,-21.117265701293945
gensim,norwegian,Geografía y monedas,-26.992069244384766,17.778444290161133
gensim,great,Adjetivos,-2.216381311416626,-17.263771057128906
gensim,sees,Verbos,11.524357795715332,-14.605620384216309
gensim,oslo,Geografía y monedas,-26.944189071655273,17.027442932128906
gensim,certain,Adjetivos,1.0308159589767456,-5.766437530517578
gensim,struck,Verbos,1.6901609897613525,13.78798770904541
gensim,latvia,Geografía y monedas,-23.25674819946289,14.709455490112305
gensim,smart,Adjetivos,2.4644482135772705,-16.631824493408203
gensim,striking,Verbos,1.7424217462539673,13.84548568725586
gensim,iran,Geografía y monedas,-20.82248306274414,12.932595252990723
gensim,sudden,Adjetivos,-3.216488838195801,3.1888673305511475
gensim,swam,Verbos,0.5625525116920471,9.239517211914062
gensim,laos,Geografía y monedas,-18.600954055786133,14.365894317626953
gensim,happy,Adjetivos,7.783116340637207,-14.37317943572998
gensim,falling,Verbos,-1.7299681901931763,9.194135665893555
gensim,spanish,Geografía y monedas,-24.005287170410156,22.330354690551758
gensim,oldest,Adjetivos,-9.802332878112793,5.918985366821289
gensim,look,Verbos,8.118846893310547,-16.67409324645996
gensim,pittsburgh,Geografía y monedas,-2.4396677017211914,24.50188446044922
gensim,possible,Adjetivos,-2.1050384044647217,-6.726750373840332
gensim,speaks,Verbos,9.143998146057129,-20.30813980102539
gensim,yerevan,Geografía y monedas,-21.758726119995117,16.60066795349121
gensim,easiest,Adjetivos,0.019050398841500282,-8.974958419799805
gensim,code,Verbos,-8.148070335388184,-8.845857620239258
gensim,wichita,Geografía y monedas,-3.3291561603546143,21.527204513549805
gensim,warm,Adjetivos,-3.219834804534912,0.5608252286911011
gensim,plays,Verbos,9.18422794342041,-26.68625259399414
gensim,greece,Geografía y monedas,-23.355192184448242,11.408953666687012
gensim,likely,Adjetivos,-1.8958576917648315,-5.011579990386963
gensim,jump,Verbos,9.546709060668945,7.230715751647949
gensim,kazakhstan,Geografía y monedas,-23.282751083374023,15.6152982711792
gensim,tougher,Adjetivos,0.7930799722671509,-14.111042022705078
gensim,vanishes,Verbos,11.514184951782227,-11.5822114944458
gensim,alaska,Geografía y monedas,-12.804823875427246,16.782958984375
gensim,small,Adjetivos,1.8327155113220215,1.4844924211502075
gensim,decreasing,Verbos,-6.584252834320068,-1.2222000360488892
gensim,israeli,Geografía y monedas,-19.47710609436035,12.449751853942871
gensim,slower,Adjetivos,0.6500594615936279,6.0450639724731445
gensim,flying,Verbos,-7.2092390060424805,14.431041717529297
gensim,swedish,Geografía y monedas,-26.468767166137695,20.392953872680664
gensim,stronger,Adjetivos,-4.535366535186768,-2.913149833679199
gensim,going,Verbos,7.105290412902832,-15.275188446044922
gensim,omaha,Geografía y monedas,-5.16726541519165,26.058883666992188
gensim,easy,Adjetivos,1.004146933555603,-9.39406681060791
gensim,feeding,Verbos,14.466840744018555,5.093772888183594
gensim,colorado,Geografía y monedas,-7.441140651702881,26.463136672973633
gensim,usually,Adjetivos,2.8887133598327637,-1.8788237571716309
gensim,reading,Verbos,4.787119388580322,-23.433856964111328
gensim,ljubljana,Geografía y monedas,-24.254697799682617,15.668877601623535
gensim,honest,Adjetivos,3.609639883041382,-15.538691520690918
gensim,listening,Verbos,6.440574645996094,-20.601871490478516
gensim,bahamas,Geografía y monedas,-13.593267440795898,20.508426666259766
gensim,hot,Adjetivos,-6.010561943054199,-18.131540298461914
gensim,implemented,Verbos,-8.51603889465332,-6.735825061798096
gensim,bakersfield,Geografía y monedas,-2.3933019638061523,20.490930557250977
gensim,mostly,Adjetivos,0.2789522707462311,0.04951571673154831
gensim,say,Verbos,5.855454444885254,-16.527326583862305
gensim,bulgaria,Geografía y monedas,-23.766376495361328,12.574027061462402
gensim,colder,Adjetivos,-4.070146083831787,-0.48044583201408386
gensim,sits,Verbos,16.415172576904297,-6.450463771820068
gensim,orlando,Geografía y monedas,0.13116198778152466,23.93279457092285
gensim,furious,Adjetivos,8.774683952331543,-11.191191673278809
gensim,enhanced,Verbos,-8.391801834106445,-4.612644672393799
gensim,florida,Geografía y monedas,-8.783163070678711,23.82242202758789
gensim,typical,Adjetivos,3.999631881713867,-1.093131422996521
gensim,see,Verbos,7.542559623718262,-17.506858825683594
gensim,arlington,Geografía y monedas,-5.840213775634766,22.10529136657715
glove,hawaii,Geografía y monedas,32.16116714477539,7.144135475158691
glove,granddaughter,Familia,-1.4736559391021729,-20.931787490844727
glove,suddenly,Adjetivos,-8.0001859664917,8.430893898010254
glove,fell,Verbos,5.4499125480651855,4.603384017944336
glove,colors,Sustantivos,-21.3740234375,-4.603569030761719
glove,jakarta,Geografía y monedas,28.805891036987305,-8.338312149047852
glove,he,Familia,-3.4602081775665283,2.1851155757904053
glove,strange,Adjetivos,-17.256772994995117,0.4700726270675659
glove,read,Verbos,-8.581754684448242,-11.078929901123047
glove,machine,Sustantivos,-15.076955795288086,13.688445091247559
glove,honduras,Geografía y monedas,29.081148147583008,-1.0766336917877197
glove,niece,Familia,-1.8007758855819702,-20.42946434020996
glove,lower,Adjetivos,4.035216331481934,1.9466228485107422
glove,knew,Verbos,-13.261565208435059,-4.226984024047852
glove,cats,Sustantivos,-10.918696403503418,25.663663864135742
glove,irving,Geografía y monedas,36.62578201293945,12.623428344726562
glove,father,Familia,-0.8306061029434204,-18.675466537475586
glove,big,Adjetivos,-5.467080116271973,-2.836974620819092
glove,went,Verbos,-2.584606170654297,4.689807415008545
glove,color,Sustantivos,-21.182043075561523,-4.668494701385498
glove,won,Geografía y monedas,-1.8120359182357788,3.5372748374938965
glove,grandson,Familia,0.24782930314540863,-20.57008934020996
glove,greatest,Adjetivos,-6.706615447998047,-4.057675838470459
glove,increased,Verbos,4.522373676300049,-0.18335409462451935
glove,cows,Sustantivos,-8.81749153137207,24.70879554748535
glove,ruble,Geografía y monedas,9.714187622070312,5.5847015380859375
glove,wife,Familia,-1.9425374269485474,-18.601951599121094
glove,completely,Adjetivos,-6.803623676300049,7.466017246246338
glove,provides,Verbos,-7.32621431350708,3.864701271057129
glove,dogs,Sustantivos,-10.080671310424805,26.09164810180664
glove,zagreb,Geografía y monedas,24.383220672607422,-8.530442237854004
glove,aunt,Familia,-3.3722221851348877,-20.04871368408203
glove,weird,Adjetivos,-17.28826332092285,0.381630003452301
glove,increase,Verbos,4.853153228759766,0.04101943597197533
glove,eagles,Sustantivos,24.677133560180664,14.35671615600586
glove,illinois,Geografía y monedas,34.11147689819336,10.558849334716797
glove,man,Familia,-2.317993640899658,-14.707602500915527
glove,quietly,Adjetivos,-6.18887186050415,10.41042709350586
glove,slow,Verbos,1.9670127630233765,-2.698535919189453
glove,mango,Sustantivos,-3.100848436355591,25.598928451538086
glove,amman,Geografía y monedas,27.402467727661133,-9.545455932617188
glove,husband,Familia,-1.618943691253662,-18.002246856689453
glove,long,Adjetivos,-4.4674577713012695,-0.3935125768184662
glove,describes,Verbos,-8.547390937805176,-8.062061309814453
glove,women,Sustantivos,-5.421173572540283,-14.492043495178223
glove,cyprus,Geografía y monedas,22.71109390258789,-2.812014579772949
glove,prince,Familia,1.9884731769561768,-20.094453811645508
glove,low,Adjetivos,3.1316895484924316,1.9759997129440308
glove,knowing,Verbos,-13.888140678405762,-3.5511868000030518
glove,snake,Sustantivos,-13.0469388961792,26.89884376525879
glove,fontana,Geografía y monedas,35.50932693481445,16.8004150390625
glove,queen,Familia,2.7357702255249023,-20.994340896606445
glove,shorter,Adjetivos,0.03938432037830353,-4.969922065734863
glove,works,Verbos,-5.742092132568359,-8.147187232971191
glove,hands,Sustantivos,-17.480907440185547,-8.020861625671387
glove,chicago,Geografía y monedas,30.902122497558594,12.374162673950195
glove,uncle,Familia,-0.5761746168136597,-19.676877975463867
glove,easier,Adjetivos,-13.359521865844727,1.1641044616699219
glove,writes,Verbos,-8.689391136169434,-9.83066463470459
glove,cloud,Sustantivos,-10.894278526306152,15.160154342651367
glove,massachusetts,Geografía y monedas,34.36585235595703,9.404057502746582
glove,mother,Familia,-2.7781078815460205,-18.186176300048828
glove,convenient,Adjetivos,-23.67829132080078,4.248965263366699
glove,vanished,Verbos,-8.93840217590332,10.234686851501465
glove,child,Sustantivos,-3.7096171379089355,-16.48632049560547
glove,montevideo,Geografía y monedas,26.6751766204834,0.0670173391699791
glove,her,Familia,-3.336942434310913,-13.236473083496094
glove,unfortunately,Adjetivos,-13.973655700683594,-2.4503893852233887
glove,play,Verbos,-1.750641942024231,1.0174715518951416
glove,dream,Sustantivos,-16.151853561401367,4.635411262512207
glove,portland,Geografía y monedas,31.763904571533203,13.43098258972168
glove,sisters,Familia,-3.50925612449646,-21.355173110961914
glove,rapidly,Adjetivos,-4.5294013023376465,8.009563446044922
glove,describe,Verbos,-8.97606086730957,-7.109988689422607
glove,goats,Sustantivos,-8.6363525390625,24.437578201293945
glove,madrid,Geografía y monedas,19.630138397216797,-5.538753509521484
glove,brother,Familia,-0.13560496270656586,-19.023099899291992
glove,smallest,Adjetivos,-1.8653901815414429,-3.6958484649658203
glove,predicting,Verbos,4.842566013336182,-6.840364456176758
glove,road,Sustantivos,0.19153150916099548,7.847370624542236
glove,detroit,Geografía y monedas,29.858295440673828,12.974897384643555
glove,stepmother,Familia,-2.2632932662963867,-21.951631546020508
glove,obvious,Adjetivos,-10.98504638671875,0.34879690408706665
glove,flew,Verbos,3.781325340270996,14.58994197845459
glove,birds,Sustantivos,-10.680571556091309,23.603506088256836
glove,akron,Geografía y monedas,31.409387588500977,16.188091278076172
glove,daughters,Familia,-2.7142763137817383,-20.782251358032227
glove,free,Adjetivos,-5.928462505340576,3.1231701374053955
glove,jumped,Verbos,5.283237934112549,5.018572807312012
glove,monkey,Sustantivos,-11.47476863861084,27.327394485473633
glove,egyptian,Geografía y monedas,16.835908889770508,-12.059349060058594
glove,woman,Familia,-2.793494939804077,-15.254185676574707
glove,younger,Adjetivos,-5.673244476318359,-17.025615692138672
glove,predicts,Verbos,5.725289344787598,-7.040233612060547
glove,dreams,Sustantivos,-16.1678466796875,4.685952663421631
glove,nicaragua,Geografía y monedas,28.69855308532715,-0.907268226146698
glove,sister,Familia,-2.4660487174987793,-19.439167022705078
glove,tough,Adjetivos,-12.401580810546875,5.799755096435547
glove,goes,Verbos,-11.45230770111084,-6.668032169342041
glove,rats,Sustantivos,-12.267349243164062,25.43042755126953
glove,anaheim,Geografía y monedas,28.284868240356445,13.655465126037598
glove,policeman,Familia,-1.0133862495422363,-14.136634826660156
glove,freely,Adjetivos,-5.536652565002441,11.69899845123291
glove,implements,Verbos,-20.635488510131836,10.493730545043945
glove,fingers,Sustantivos,-18.77995491027832,-8.1546049118042
glove,french,Geografía y monedas,18.30576515197754,-7.584238052368164
glove,groom,Familia,-2.696115732192993,-24.101348876953125
glove,immediate,Adjetivos,-8.704061508178711,3.0093994140625
glove,thinking,Verbos,-12.534542083740234,-3.4479405879974365
glove,clouds,Sustantivos,-10.898619651794434,15.151809692382812
glove,croatia,Geografía y monedas,23.878509521484375,-6.004227638244629
glove,brothers,Familia,-0.08670661598443985,-22.429561614990234
glove,unknown,Adjetivos,-10.443927764892578,8.275614738464355
glove,saw,Verbos,-4.221567630767822,4.124835014343262
glove,men,Sustantivos,-5.511135578155518,-14.3170166015625
glove,syria,Geografía y monedas,22.01787567138672,-0.5237278938293457
glove,nephew,Familia,0.5667077302932739,-19.94534683227539
glove,apparently,Adjetivos,-8.891982078552246,8.13736629486084
glove,generated,Verbos,8.305597305297852,-1.5999186038970947
glove,elephant,Sustantivos,-10.475013732910156,28.238752365112305
glove,brazilian,Geografía y monedas,16.943140029907227,-5.832660675048828
glove,she,Familia,-3.9953396320343018,-13.0245361328125
glove,inconsistent,Adjetivos,-19.725210189819336,4.921237468719482
glove,speak,Verbos,-11.195281028747559,-11.07763671875
glove,dog,Sustantivos,-9.929566383361816,26.918132781982422
glove,portuguese,Geografía y monedas,17.275041580200195,-6.529665946960449
glove,his,Familia,-3.223954439163208,-11.837911605834961
glove,unsure,Adjetivos,-14.831681251525879,-5.294041156768799
glove,eat,Verbos,-8.48835277557373,20.55303382873535
glove,eagle,Sustantivos,4.2412309646606445,16.397621154785156
glove,washington,Geografía y monedas,28.919330596923828,10.03724193572998
glove,mom,Familia,-4.768723011016846,-19.427000045776367
glove,rare,Adjetivos,-10.02502155303955,3.031404733657837
glove,predicted,Verbos,5.275735855102539,-6.5171613693237305
glove,pig,Sustantivos,-9.02403736114502,25.748003005981445
glove,slovenia,Geografía y monedas,24.167009353637695,-5.278209209442139
glove,daughter,Familia,-1.7673780918121338,-19.342456817626953
glove,productive,Adjetivos,-23.591014862060547,7.538484573364258
glove,invent,Verbos,-17.782142639160156,8.020004272460938
glove,rat,Sustantivos,-12.195699691772461,26.66013526916504
glove,kabul,Geografía y monedas,27.736614227294922,-9.320531845092773
glove,sons,Familia,-0.3785698711872101,-21.6099853515625
glove,professional,Adjetivos,-0.40115389227867126,0.36651456356048584
glove,hid,Verbos,-10.808762550354004,10.987882614135742
glove,mice,Sustantivos,-12.525651931762695,24.937753677368164
glove,ecuador,Geografía y monedas,27.877145767211914,-1.5873596668243408
glove,grandfather,Familia,-0.47329485416412354,-20.253875732421875
glove,widest,Adjetivos,-2.0794363021850586,-1.989616870880127
glove,scream,Verbos,-15.602537155151367,-16.809711456298828
glove,dollar,Sustantivos,8.552000999450684,4.616194248199463
glove,netherlands,Geografía y monedas,21.65784454345703,-4.700329780578613
glove,girl,Familia,-2.6873586177825928,-16.277803421020508
glove,calmly,Adjetivos,-5.013395309448242,10.694713592529297
glove,write,Verbos,-7.869976997375488,-10.518966674804688
glove,banana,Sustantivos,-2.6629891395568848,25.975414276123047
glove,minneapolis,Geografía y monedas,31.515623092651367,14.18664264678955
glove,bride,Familia,-2.64304780960083,-23.962675094604492
glove,cheerful,Adjetivos,-19.593902587890625,-2.4379830360412598
glove,coding,Verbos,-18.710693359375,12.923267364501953
glove,pineapple,Sustantivos,-2.957926034927368,25.36412811279297
glove,irish,Geografía y monedas,16.014341354370117,-8.360494613647461
glove,grandmother,Familia,-3.231668472290039,-19.33122444152832
glove,precisely,Adjetivos,-22.25615882873535,1.0964893102645874
glove,swim,Verbos,-2.730271100997925,16.774385452270508
glove,machines,Sustantivos,-15.295040130615234,13.441793441772461
glove,russian,Geografía y monedas,19.700790405273438,-10.76245403289795
glove,king,Familia,2.5538833141326904,-19.960405349731445
glove,bigger,Adjetivos,-4.459017276763916,-3.2203848361968994
glove,shrank,Verbos,5.209064960479736,-3.230684757232666
glove,cars,Sustantivos,2.9713895320892334,7.810811519622803
glove,kingston,Geografía y monedas,28.89215850830078,5.338418006896973
glove,boy,Familia,-2.322664976119995,-16.026342391967773
glove,longer,Adjetivos,-10.75794792175293,1.9813381433486938
glove,work,Verbos,-5.724117755889893,-7.976204872131348
glove,elephants,Sustantivos,-10.620917320251465,24.835826873779297
glove,peru,Geografía y monedas,28.156766891479492,-1.8779523372650146
glove,stepfather,Familia,-0.1819026619195938,-17.672775268554688
glove,bright,Adjetivos,-22.003721237182617,-4.256529808044434
glove,spent,Verbos,-0.27595940232276917,3.582028388977051
glove,pear,Sustantivos,-3.4192843437194824,25.853782653808594
glove,michigan,Geografía y monedas,33.451419830322266,10.547542572021484
glove,son,Familia,0.2602052688598633,-19.193553924560547
glove,acceptable,Adjetivos,-20.233129501342773,2.757295608520508
glove,paying,Verbos,7.665609359741211,1.7610304355621338
glove,lion,Sustantivos,-10.799644470214844,29.046733856201172
glove,belize,Geografía y monedas,29.7155818939209,-0.45679351687431335
glove,dad,Familia,-4.935091972351074,-19.628416061401367
glove,irresponsible,Adjetivos,-19.194408416748047,3.6983368396759033
glove,discover,Verbos,-15.117226600646973,7.243381500244141
glove,donkey,Sustantivos,-9.177821159362793,28.455764770507812
glove,bulgarian,Geografía y monedas,18.936185836791992,-10.182963371276855
glove,princess,Familia,2.1546630859375,-21.488256454467773
glove,efficient,Adjetivos,-22.424531936645508,6.969439506530762
glove,ran,Verbos,-1.675755262374878,5.376887321472168
glove,horse,Sustantivos,-8.286222457885742,27.37439727783203
glove,portugal,Geografía y monedas,21.08002471923828,-3.8500776290893555
glove,possibly,Adjetivos,-8.296574592590332,1.5378923416137695
glove,paid,Verbos,7.734859943389893,1.8253014087677002
glove,roads,Sustantivos,0.32021236419677734,7.732995510101318
glove,zambia,Geografía y monedas,29.57402992248535,-5.010740280151367
glove,simplest,Adjetivos,-24.030872344970703,2.704427719116211
glove,decrease,Verbos,5.193597793579102,-0.8463113307952881
glove,mouse,Sustantivos,-12.105552673339844,27.676742553710938
glove,ukrainian,Geografía y monedas,19.43771743774414,-10.401200294494629
glove,amazing,Adjetivos,-16.785070419311523,-0.45876768231391907
glove,eats,Verbos,-8.41141128540039,20.408193588256836
glove,computers,Sustantivos,-15.876263618469238,12.777661323547363
glove,tehran,Geografía y monedas,21.645122528076172,0.21117420494556427
glove,sure,Adjetivos,-12.668055534362793,-2.362858533859253
glove,shrinking,Verbos,4.70805549621582,-2.4624083042144775
glove,bottle,Sustantivos,-23.179506301879883,-11.079545021057129
glove,mali,Geografía y monedas,29.060575485229492,-3.539278030395508
glove,quick,Adjetivos,-9.73100757598877,4.787229061126709
glove,running,Verbos,-1.4292917251586914,5.596410274505615
glove,eyes,Sustantivos,-18.99231719970703,-6.610950946807861
glove,lubbock,Geografía y monedas,33.8751220703125,14.682714462280273
glove,hotter,Adjetivos,-26.268505096435547,-5.508302688598633
glove,hiding,Verbos,-10.789569854736328,10.926329612731934
glove,car,Sustantivos,2.9881362915039062,7.87439489364624
glove,tunisia,Geografía y monedas,28.006376266479492,-3.4841551780700684
glove,usual,Adjetivos,-13.651522636413574,3.4345510005950928
glove,estimate,Verbos,6.477724552154541,-5.849893569946289
glove,buildings,Sustantivos,1.2250431776046753,6.183502197265625
glove,indiana,Geografía y monedas,33.30790328979492,11.503302574157715
glove,unlikely,Adjetivos,-7.995211601257324,0.9228295087814331
glove,selling,Verbos,9.741216659545898,1.867024540901184
glove,horses,Sustantivos,-8.314589500427246,26.98464584350586
glove,ukraine,Geografía y monedas,24.833532333374023,-3.5930609703063965
glove,young,Adjetivos,-5.241226673126221,-16.117626190185547
glove,provide,Verbos,-7.408030033111572,3.748678684234619
glove,dollars,Sustantivos,8.06612491607666,3.7012133598327637
glove,bhutan,Geografía y monedas,28.21479034423828,-5.56871223449707
glove,luckily,Adjetivos,-15.856208801269531,-3.653953790664673
glove,wrote,Verbos,-7.769834041595459,-9.639019012451172
glove,bottles,Sustantivos,-23.18044090270996,-11.10340404510498
glove,azerbaijan,Geografía y monedas,25.597026824951172,-3.489741086959839
glove,tall,Adjetivos,-0.1903485506772995,-8.220414161682129
glove,increasing,Verbos,4.116404056549072,-0.41606074571609497
glove,pigs,Sustantivos,-9.576105117797852,24.6269588470459
glove,stockton,Geografía y monedas,33.77304458618164,16.32550811767578
glove,older,Adjetivos,-6.0578436851501465,-17.00402069091797
glove,took,Verbos,-2.899749517440796,3.8184874057769775
glove,computer,Sustantivos,-15.980207443237305,12.717205047607422
glove,mexican,Geografía y monedas,16.991485595703125,-5.293269157409668
glove,aware,Adjetivos,-13.575188636779785,-5.1808624267578125
glove,screams,Verbos,-15.724143028259277,-16.480144500732422
glove,onion,Sustantivos,-3.373549222946167,24.684946060180664
glove,worcester,Geografía y monedas,35.42854309082031,9.22693157196045
glove,quiet,Adjetivos,-18.930599212646484,-2.26855731010437
glove,danced,Verbos,-12.52232551574707,-16.771329879760742
glove,hand,Sustantivos,-17.498315811157227,-7.907077312469482
glove,tacoma,Geografía y monedas,30.765342712402344,15.944151878356934
glove,worst,Adjetivos,-8.206876754760742,-2.1428380012512207
glove,sleeping,Verbos,-18.014404296875,-13.345749855041504
glove,monkeys,Sustantivos,-11.647198677062988,25.039777755737305
glove,reno,Geografía y monedas,30.278120040893555,9.20742416381836
glove,unconvincing,Adjetivos,-19.299365997314453,5.479207992553711
glove,swimming,Verbos,-2.3723342418670654,16.579383850097656
glove,lions,Sustantivos,24.49372673034668,14.410990715026855
glove,greenland,Geografía y monedas,24.545543670654297,-1.7034186124801636
glove,slowly,Adjetivos,-4.920201778411865,8.24680233001709
glove,estimates,Verbos,6.516202449798584,-5.828614711761475
glove,cat,Sustantivos,-10.610922813415527,27.10321807861328
glove,tampa,Geografía y monedas,29.16952896118164,12.796548843383789
glove,quickest,Adjetivos,-25.922945022583008,1.7784267663955688
glove,inventing,Verbos,-17.617530822753906,8.006685256958008
glove,snakes,Sustantivos,-13.120246887207031,26.010780334472656
glove,euro,Geografía y monedas,9.198236465454102,4.763619422912598
glove,unpleasant,Adjetivos,-17.705886840820312,1.8796370029449463
glove,slowing,Verbos,3.1124515533447266,-2.6669435501098633
glove,children,Sustantivos,-4.320287704467773,-16.179960250854492
glove,oakland,Geografía y monedas,29.308765411376953,13.618203163146973
glove,higher,Adjetivos,3.9068996906280518,1.594740390777588
glove,enhances,Verbos,-23.720285415649414,12.601778030395508
glove,cow,Sustantivos,-8.384804725646973,25.408010482788086
glove,cambodia,Geografía y monedas,28.977380752563477,-6.043872356414795
glove,fortunate,Adjetivos,-16.391870498657227,-2.652750253677368
glove,predict,Verbos,4.744102954864502,-7.118658542633057
glove,goat,Sustantivos,-7.477151870727539,25.406330108642578
glove,belgium,Geografía y monedas,21.615636825561523,-5.1623969078063965
glove,unacceptable,Adjetivos,-19.403059005737305,3.372715950012207
glove,sat,Verbos,-16.859729766845703,-11.269269943237305
glove,bird,Sustantivos,-10.957701683044434,23.32830810546875
glove,europe,Geografía y monedas,19.390615463256836,-3.4309864044189453
glove,happily,Adjetivos,-6.3796820640563965,10.71603775024414
glove,sit,Verbos,-15.997919082641602,-10.253128051757812
glove,finger,Sustantivos,-18.912181854248047,-8.297636985778809
glove,namibia,Geografía y monedas,29.265905380249023,-4.322763919830322
glove,swift,Adjetivos,-9.292797088623047,4.913758277893066
glove,taking,Verbos,-3.4003846645355225,3.403282880783081
glove,eye,Sustantivos,-19.029273986816406,-6.698654651641846
glove,denver,Geografía y monedas,30.294130325317383,11.738947868347168
glove,inefficient,Adjetivos,-22.323476791381836,7.049575328826904
glove,think,Verbos,-12.131048202514648,-2.9805545806884766
glove,building,Sustantivos,1.21664559841156,6.082474231719971
glove,texas,Geografía y monedas,32.440467834472656,10.06667423248291
glove,high,Adjetivos,2.6973628997802734,2.1042306423187256
glove,writing,Verbos,-7.239104747772217,-9.90703296661377
glove,sudan,Geografía y monedas,31.02421760559082,-4.902801036834717
glove,fastest,Adjetivos,-26.716981887817383,1.190895676612854
glove,finds,Verbos,-11.256240844726562,-7.7562737464904785
glove,austin,Geografía y monedas,35.14167022705078,14.17953872680664
glove,rational,Adjetivos,-21.785171508789062,3.5494563579559326
glove,hit,Verbos,2.538926839828491,10.672318458557129
glove,taipei,Geografía y monedas,22.6568603515625,-13.0784330368042
glove,seriously,Adjetivos,-9.360835075378418,-0.5657905340194702
glove,listens,Verbos,-12.294471740722656,-12.913483619689941
glove,copenhagen,Geografía y monedas,22.563928604125977,-8.950165748596191
glove,unproductive,Adjetivos,-24.0459041595459,7.655063152313232
glove,slept,Verbos,-17.990192413330078,-13.315370559692383
glove,switzerland,Geografía y monedas,22.095287322998047,-5.500479698181152
glove,simple,Adjetivos,-14.463486671447754,2.3266499042510986
glove,walk,Verbos,-1.7733429670333862,11.812800407409668
glove,german,Geografía y monedas,18.66447639465332,-8.607884407043457
glove,warmest,Adjetivos,-26.608566284179688,-3.66545033454895
glove,described,Verbos,-7.922163963317871,-7.377779006958008
glove,senegal,Geografía y monedas,29.137121200561523,-3.2409675121307373
glove,wide,Adjetivos,-3.394481658935547,-1.369137167930603
glove,search,Verbos,-13.714523315429688,9.637866973876953
glove,gabon,Geografía y monedas,30.069107055664062,-3.0045690536499023
glove,irrational,Adjetivos,-21.02370262145996,4.335319519042969
glove,implementing,Verbos,-20.46930503845215,11.113594055175781
glove,jamaica,Geografía y monedas,30.399667739868164,0.3406978249549866
glove,informed,Adjetivos,-13.381760597229004,-5.892512321472168
glove,moved,Verbos,-3.12922739982605,6.124515056610107
glove,budapest,Geografía y monedas,23.024364471435547,-8.097503662109375
glove,lucky,Adjetivos,-16.245773315429688,-2.3659512996673584
glove,dance,Verbos,-12.035706520080566,-17.81985855102539
glove,lithuania,Geografía y monedas,23.73059844970703,-4.195250034332275
glove,logical,Adjetivos,-22.418533325195312,3.2342846393585205
glove,hitting,Verbos,2.6752822399139404,10.713973999023438
glove,somalia,Geografía y monedas,31.581899642944336,-4.87000036239624
glove,serious,Adjetivos,-9.463427543640137,0.20032154023647308
glove,dancing,Verbos,-12.136937141418457,-17.702295303344727
glove,sweden,Geografía y monedas,22.426555633544922,-4.91649055480957
glove,precise,Adjetivos,-22.42833709716797,1.5849485397338867
glove,looking,Verbos,-12.65749740600586,-1.037781000137329
glove,polish,Geografía y monedas,19.07932472229004,-9.401015281677246
glove,greater,Adjetivos,3.034353733062744,-0.17515307664871216
glove,decreases,Verbos,5.693805694580078,-1.3961963653564453
glove,belarus,Geografía y monedas,25.131742477416992,-4.217051982879639
glove,known,Adjetivos,-5.930432319641113,-6.31114387512207
glove,jumping,Verbos,-1.021790862083435,15.428138732910156
glove,guinea,Geografía y monedas,30.115903854370117,-3.655390977859497
glove,infrequently,Adjetivos,-21.683992385864258,-0.9181497097015381
glove,moving,Verbos,-3.6478757858276367,6.560784339904785
glove,henderson,Geografía y monedas,32.670814514160156,17.74933624267578
glove,obviously,Adjetivos,-13.538249015808105,-2.676825761795044
glove,enhancing,Verbos,-23.36192512512207,12.366484642028809
glove,canberra,Geografía y monedas,28.61704444885254,5.182368278503418
glove,complete,Adjetivos,-6.61676549911499,4.955804347991943
glove,listen,Verbos,-12.673285484313965,-11.86700439453125
glove,philadelphia,Geografía y monedas,31.037883758544922,12.835733413696289
glove,unfortunate,Adjetivos,-17.91371726989746,2.4008305072784424
glove,talk,Verbos,-11.5663423538208,-4.975901126861572
glove,havana,Geografía y monedas,27.81261444091797,0.9745771288871765
glove,deep,Adjetivos,-3.798032760620117,-1.4718244075775146
glove,walked,Verbos,-1.7222294807434082,11.063794136047363
glove,ottawa,Geografía y monedas,27.89524269104004,12.097905158996582
glove,slowest,Adjetivos,-27.090091705322266,0.8526448607444763
glove,find,Verbos,-12.459321975708008,-0.03978150710463524
glove,nebraska,Geografía y monedas,33.033226013183594,10.813576698303223
glove,largest,Adjetivos,-1.7503266334533691,-4.0149149894714355
glove,spending,Verbos,5.741048336029053,0.6636732220649719
glove,valletta,Geografía y monedas,24.70740509033203,-0.05746240168809891
glove,newer,Adjetivos,-1.843519687652588,-6.470687389373779
glove,fly,Verbos,3.519958257675171,14.701593399047852
glove,philippines,Geografía y monedas,29.348243713378906,-7.1460137367248535
glove,faster,Adjetivos,1.4931772947311401,-3.456371784210205
glove,move,Verbos,-6.622476577758789,1.8734526634216309
glove,kentucky,Geografía y monedas,34.08449172973633,11.230621337890625
glove,cold,Adjetivos,-24.41759490966797,-7.035146236419678
glove,screaming,Verbos,-15.750155448913574,-16.368745803833008
glove,korean,Geografía y monedas,21.196796417236328,-13.290145874023438
glove,occasionally,Adjetivos,-11.738771438598633,3.8359458446502686
glove,sing,Verbos,-12.142133712768555,-15.42105484008789
glove,english,Geografía y monedas,15.675433158874512,-8.18114948272705
glove,lowest,Adjetivos,4.153907775878906,2.835310935974121
glove,walking,Verbos,-1.720964789390564,12.093607902526855
glove,berlin,Geografía y monedas,21.917821884155273,-8.099557876586914
glove,reasonable,Adjetivos,-20.747709274291992,2.5029499530792236
glove,sang,Verbos,-12.180490493774414,-15.814274787902832
glove,kenya,Geografía y monedas,30.416427612304688,-4.882737636566162
glove,coolest,Adjetivos,-25.865833282470703,-3.2029452323913574
glove,seeing,Verbos,-11.564653396606445,-1.4876272678375244
glove,yen,Geografía y monedas,7.864249229431152,4.881662845611572
glove,worse,Adjetivos,-9.10255241394043,-2.0517146587371826
glove,sitting,Verbos,-16.475364685058594,-11.134021759033203
glove,louisville,Geografía y monedas,32.751991271972656,12.93918514251709
glove,competitive,Adjetivos,0.07129156589508057,-0.22781038284301758
glove,generating,Verbos,8.360127449035645,-1.6063827276229858
glove,dallas,Geografía y monedas,30.316068649291992,12.356955528259277
glove,brighter,Adjetivos,-23.16806983947754,-4.018301486968994
glove,fed,Verbos,-6.4934844970703125,0.09388673305511475
glove,madison,Geografía y monedas,35.49009323120117,11.551602363586426
glove,smaller,Adjetivos,-3.023949384689331,-4.1109161376953125
glove,looked,Verbos,-13.470027923583984,-0.9630786776542664
glove,atlanta,Geografía y monedas,29.46431541442871,11.692646980285645
glove,tight,Adjetivos,-4.681507587432861,0.9273667335510254
glove,swims,Verbos,-3.6360652446746826,17.08832550048828
glove,irvine,Geografía y monedas,35.96421432495117,15.352750778198242
glove,hottest,Adjetivos,-25.601749420166016,-3.375676393508911
glove,walks,Verbos,-2.101867437362671,11.951028823852539
glove,paris,Geografía y monedas,20.47492790222168,-7.187752723693848
glove,heavier,Adjetivos,0.577397882938385,-5.571378707885742
glove,playing,Verbos,-1.4821600914001465,0.9584442973136902
glove,spain,Geografía y monedas,20.25135612487793,-4.580643177032471
glove,taller,Adjetivos,-0.1662272810935974,-8.091158866882324
glove,describing,Verbos,-8.516070365905762,-7.401943206787109
glove,cuba,Geografía y monedas,28.189992904663086,0.352512925863266
glove,safe,Adjetivos,-12.245399475097656,1.562151551246643
glove,searches,Verbos,-13.735654830932617,9.77504825592041
glove,croatian,Geografía y monedas,20.49742317199707,-9.399222373962402
glove,brightest,Adjetivos,-24.489168167114258,-3.4266297817230225
glove,discovering,Verbos,-16.012014389038086,7.3427863121032715
glove,cincinnati,Geografía y monedas,30.74224281311035,13.822908401489258
glove,youngest,Adjetivos,1.6088539361953735,-16.2067928314209
glove,sings,Verbos,-12.069382667541504,-15.216902732849121
glove,memphis,Geografía y monedas,31.97921371459961,12.515600204467773
glove,swiftly,Adjetivos,-5.43488073348999,8.996232986450195
glove,sold,Verbos,9.757538795471191,1.8634105920791626
glove,real,Geografía y monedas,-6.760122299194336,-2.1649420261383057
glove,rarely,Adjetivos,-11.580930709838867,3.569018840789795
glove,said,Verbos,-9.645508766174316,-4.596846580505371
glove,oregon,Geografía y monedas,33.10323715209961,9.77228832244873
glove,short,Adjetivos,-4.381279468536377,-0.23993392288684845
glove,saying,Verbos,-10.063186645507812,-4.296091079711914
glove,chinese,Geografía y monedas,21.365062713623047,-13.22343635559082
glove,bad,Adjetivos,-9.324762344360352,-2.1862998008728027
glove,slowed,Verbos,3.1565003395080566,-2.948112726211548
glove,spokane,Geografía y monedas,32.11096954345703,15.148662567138672
glove,quickly,Adjetivos,-5.8025593757629395,8.09677505493164
glove,listened,Verbos,-13.057884216308594,-12.476593971252441
glove,norwegian,Geografía y monedas,17.606781005859375,-9.603633880615234
glove,great,Adjetivos,-6.5695037841796875,-3.995745897293091
glove,sees,Verbos,-11.725848197937012,-7.628766059875488
glove,oslo,Geografía y monedas,22.869571685791016,-9.360210418701172
glove,certain,Adjetivos,-10.185073852539062,1.409287691116333
glove,struck,Verbos,1.9970643520355225,11.013522148132324
glove,latvia,Geografía y monedas,23.75517463684082,-3.6787540912628174
glove,smart,Adjetivos,-15.053229331970215,0.5677185654640198
glove,striking,Verbos,1.5058456659317017,11.373464584350586
glove,iran,Geografía y monedas,21.810165405273438,-0.011820959858596325
glove,sudden,Adjetivos,-9.860259056091309,6.46907901763916
glove,swam,Verbos,-3.1731650829315186,16.997005462646484
glove,laos,Geografía y monedas,28.7886905670166,-5.985446929931641
glove,happy,Adjetivos,-15.255868911743164,-1.865241289138794
glove,falling,Verbos,5.2296833992004395,4.143613338470459
glove,spanish,Geografía y monedas,17.672443389892578,-6.455524444580078
glove,oldest,Adjetivos,1.936665415763855,-15.585108757019043
glove,look,Verbos,-12.474753379821777,-1.2760905027389526
glove,pittsburgh,Geografía y monedas,30.402219772338867,13.33633804321289
glove,possible,Adjetivos,-9.034801483154297,1.4534481763839722
glove,speaks,Verbos,-10.960490226745605,-11.268353462219238
glove,yerevan,Geografía y monedas,25.072834014892578,-8.048053741455078
glove,easiest,Adjetivos,-24.878509521484375,2.3870179653167725
glove,code,Verbos,-18.7071590423584,12.331305503845215
glove,wichita,Geografía y monedas,33.00544357299805,14.453512191772461
glove,warm,Adjetivos,-24.295581817626953,-6.885680675506592
glove,plays,Verbos,-1.7209060192108154,0.8191766738891602
glove,greece,Geografía y monedas,22.598278045654297,-3.547877311706543
glove,likely,Adjetivos,-7.713474750518799,0.9532092809677124
glove,jump,Verbos,-0.7047368884086609,15.162459373474121
glove,kazakhstan,Geografía y monedas,25.957218170166016,-4.075954437255859
glove,tougher,Adjetivos,-12.521620750427246,5.998037338256836
glove,vanishes,Verbos,-8.268425941467285,11.728816032409668
glove,alaska,Geografía y monedas,32.58477783203125,7.921232223510742
glove,small,Adjetivos,-3.4011576175689697,-4.183218002319336
glove,decreasing,Verbos,5.0864715576171875,-1.5101890563964844
glove,israeli,Geografía y monedas,16.727516174316406,-12.149402618408203
glove,slower,Adjetivos,1.9715635776519775,-3.3658995628356934
glove,flying,Verbos,3.7174363136291504,14.889482498168945
glove,swedish,Geografía y monedas,17.945730209350586,-9.223661422729492
glove,stronger,Adjetivos,1.0178533792495728,-1.6063722372055054
glove,going,Verbos,-11.511188507080078,-2.4815289974212646
glove,omaha,Geografía y monedas,33.55310821533203,13.275284767150879
glove,easy,Adjetivos,-13.80006217956543,1.3767725229263306
glove,feeding,Verbos,-9.53894329071045,22.747541427612305
glove,colorado,Geografía y monedas,31.52040672302246,10.743300437927246
glove,usually,Adjetivos,-11.701560974121094,3.239405393600464
glove,reading,Verbos,-8.508858680725098,-11.715481758117676
glove,ljubljana,Geografía y monedas,24.317974090576172,-7.86740255355835
glove,honest,Adjetivos,-19.68341827392578,0.8778528571128845
glove,listening,Verbos,-13.066276550292969,-11.80899429321289
glove,bahamas,Geografía y monedas,30.364212036132812,0.6910355687141418
glove,hot,Adjetivos,-24.566896438598633,-6.753692626953125
glove,implemented,Verbos,-20.302886962890625,11.263619422912598
glove,bakersfield,Geografía y monedas,34.401241302490234,16.280607223510742
glove,mostly,Adjetivos,-3.8619282245635986,-5.112006187438965
glove,say,Verbos,-10.807785987854004,-3.549398183822632
glove,bulgaria,Geografía y monedas,24.223825454711914,-4.447512149810791
glove,colder,Adjetivos,-26.317548751831055,-5.6806254386901855
glove,sits,Verbos,-15.924697875976562,-11.535037994384766
glove,orlando,Geografía y monedas,29.540931701660156,14.490445137023926
glove,furious,Adjetivos,-8.600784301757812,6.13217306137085
glove,enhanced,Verbos,-23.180038452148438,12.35350227355957
glove,florida,Geografía y monedas,32.08144760131836,9.48497200012207
glove,typical,Adjetivos,-13.77523422241211,3.310167074203491
glove,see,Verbos,-11.025428771972656,-2.1536946296691895
glove,arlington,Geografía y monedas,34.710182189941406,12.831650733947754
